-- phpMyAdmin SQL Dump
-- version 5.2.1
-- https://www.phpmyadmin.net/
--
-- Počítač: 127.0.0.1
-- Vytvořeno: Stř 18. čen 2025, 00:08
-- Verze serveru: 10.4.32-MariaDB
-- Verze PHP: 8.2.12

SET SQL_MODE = "NO_AUTO_VALUE_ON_ZERO";
START TRANSACTION;
SET time_zone = "+00:00";


/*!40101 SET @OLD_CHARACTER_SET_CLIENT=@@CHARACTER_SET_CLIENT */;
/*!40101 SET @OLD_CHARACTER_SET_RESULTS=@@CHARACTER_SET_RESULTS */;
/*!40101 SET @OLD_COLLATION_CONNECTION=@@COLLATION_CONNECTION */;
/*!40101 SET NAMES utf8mb4 */;

--
-- Databáze: `bp_db`
--

-- --------------------------------------------------------

--
-- Struktura tabulky `migrations`
--

CREATE TABLE `migrations` (
  `id` int(10) UNSIGNED NOT NULL,
  `migration` varchar(255) NOT NULL,
  `batch` int(11) NOT NULL
) ENGINE=InnoDB DEFAULT CHARSET=utf8mb4 COLLATE=utf8mb4_unicode_ci;

--
-- Vypisuji data pro tabulku `migrations`
--

INSERT INTO `migrations` (`id`, `migration`, `batch`) VALUES
(19, '2025_05_02_161326_create_seasons_table', 2),
(20, '2025_05_02_162242_create_puzzle_state_table', 2),
(21, '2025_05_02_195207_create_puzzle_difficulty_table', 2),
(22, '2025_05_02_200846_create_puzzles_table', 2);

-- --------------------------------------------------------

--
-- Struktura tabulky `puzzles`
--

CREATE TABLE `puzzles` (
  `id` bigint(20) UNSIGNED NOT NULL,
  `puzzleID` varchar(255) NOT NULL,
  `name` varchar(255) NOT NULL,
  `image` varchar(255) NOT NULL,
  `flavorText` text NOT NULL,
  `content` mediumtext NOT NULL,
  `coordCheck` longtext CHARACTER SET utf8mb4 COLLATE utf8mb4_bin DEFAULT NULL CHECK (json_valid(`coordCheck`)),
  `constellationData` longtext CHARACTER SET utf8mb4 COLLATE utf8mb4_bin DEFAULT NULL CHECK (json_valid(`constellationData`)),
  `puzzleSeason` bigint(20) UNSIGNED NOT NULL,
  `puzzleState` bigint(20) UNSIGNED NOT NULL,
  `difficulty` bigint(20) UNSIGNED NOT NULL
) ENGINE=InnoDB DEFAULT CHARSET=utf8mb4 COLLATE=utf8mb4_unicode_ci;

--
-- Vypisuji data pro tabulku `puzzles`
--

INSERT INTO `puzzles` (`id`, `puzzleID`, `name`, `image`, `flavorText`, `content`, `coordCheck`, `constellationData`, `puzzleSeason`, `puzzleState`, `difficulty`) VALUES
(1, '1f11e', 'Rak', 'spring/cancer.png', 'Mé bádání jarní oblohy nezačalo zrovna nejlépe. Podařilo se mi <b class=\"important\">rozlít inkoust</b> na moje poznámky, sotva když jsem začal! Naštěstí jsem si souřadnice hvězd zapisoval <b class=\"important\">opakováním</b> a ne čísly, jinak bych z toho co zbylo asi nic nevyčetl. Pro příště ale musím vymyslet něco lepšího...', '<a id=\"spring-1\" style=\"width: 60%\" href=\"/media/•••isky z pozoro•••••.txt\" download>•••isky z pozoro•••••</a>', '[\"D9-F6\",\"E2-F6\",\"F6-J11\"]', '{\r\n    \"stars\": [\r\n        {\r\n            \"posX\": 302,\r\n            \"posY\": 302,\r\n            \"labelX\": \"F\",\r\n            \"labelY\": \"6\"\r\n        },\r\n        {\r\n            \"posX\": 522,\r\n            \"posY\": 577,\r\n            \"labelX\": \"J\",\r\n            \"labelY\": \"11\"\r\n        },\r\n        {\r\n            \"posX\": 247,\r\n            \"posY\": 82,\r\n            \"labelX\": \"E\",\r\n            \"labelY\": \"2\"\r\n        },\r\n        {\r\n            \"posX\": 192,\r\n            \"posY\": 467,\r\n            \"labelX\": \"D\",\r\n            \"labelY\": \"9\"\r\n        }\r\n    ],\r\n    \"connections\": [\r\n        {\r\n            \"stars\": [\r\n                {\r\n                    \"posX\": 247,\r\n                    \"posY\": 82,\r\n                    \"labelX\": \"E\",\r\n                    \"labelY\": \"2\"\r\n                },\r\n                {\r\n                    \"posX\": 302,\r\n                    \"posY\": 302,\r\n                    \"labelX\": \"F\",\r\n                    \"labelY\": \"6\"\r\n                }\r\n            ]\r\n        },\r\n        {\r\n            \"stars\": [\r\n                {\r\n                    \"posX\": 192,\r\n                    \"posY\": 467,\r\n                    \"labelX\": \"D\",\r\n                    \"labelY\": \"9\"\r\n                },\r\n                {\r\n                    \"posX\": 302,\r\n                    \"posY\": 302,\r\n                    \"labelX\": \"F\",\r\n                    \"labelY\": \"6\"\r\n                }\r\n            ]\r\n        },\r\n        {\r\n            \"stars\": [\r\n                {\r\n                    \"posX\": 302,\r\n                    \"posY\": 302,\r\n                    \"labelX\": \"F\",\r\n                    \"labelY\": \"6\"\r\n                },\r\n                {\r\n                    \"posX\": 522,\r\n                    \"posY\": 577,\r\n                    \"labelX\": \"J\",\r\n                    \"labelY\": \"11\"\r\n                }\r\n            ]\r\n        }\r\n    ]\r\n}', 1, 2, 1),
(2, '7ecb4', 'Had', 'spring/serpens.png', 'Možná budu muset používat něco jiného než inkoust. Na první pohled to nejde moc poznat, ale po chvilce pozorování jsem si všiml, že hvězdy září <b class=\"important\">různými barvami.</b> Některé svítí do modra, jiné zase do červena, ale většina stálé zůstává bílá. Co by asi hvězdy se <b class=\"important\">stejnou barvou</b> záře vytvořili za tvar? Každopádně, jednobarevným inkoustem něco takového asi nezaznamenám.', '<img id=\"spring-2\" src=\"/images/puzzles/barevná měňavost.gif\">', '[\"E3-G2\",\"E3-G4\",\"F8-F11\",\"F8-I6\",\"G2-G4\",\"G4-I6\"]', '{\r\n    \"stars\": [\r\n        {\r\n            \"posX\": 302,\r\n            \"posY\": 577,\r\n            \"labelX\": \"F\",\r\n            \"labelY\": \"11\"\r\n        },\r\n        {\r\n            \"posX\": 302,\r\n            \"posY\": 412,\r\n            \"labelX\": \"F\",\r\n            \"labelY\": \"8\"\r\n        },\r\n        {\r\n            \"posX\": 467,\r\n            \"posY\": 302,\r\n            \"labelX\": \"I\",\r\n            \"labelY\": \"6\"\r\n        },\r\n        {\r\n            \"posX\": 357,\r\n            \"posY\": 192,\r\n            \"labelX\": \"G\",\r\n            \"labelY\": \"4\"\r\n        },\r\n        {\r\n            \"posX\": 247,\r\n            \"posY\": 137,\r\n            \"labelX\": \"E\",\r\n            \"labelY\": \"3\"\r\n        },\r\n        {\r\n            \"posX\": 357,\r\n            \"posY\": 82,\r\n            \"labelX\": \"G\",\r\n            \"labelY\": \"2\"\r\n        }\r\n    ],\r\n    \"connections\": [\r\n        {\r\n            \"stars\": [\r\n                {\r\n                    \"posX\": 247,\r\n                    \"posY\": 137,\r\n                    \"labelX\": \"E\",\r\n                    \"labelY\": \"3\"\r\n                },\r\n                {\r\n                    \"posX\": 357,\r\n                    \"posY\": 82,\r\n                    \"labelX\": \"G\",\r\n                    \"labelY\": \"2\"\r\n                }\r\n            ]\r\n        },\r\n        {\r\n            \"stars\": [\r\n                {\r\n                    \"posX\": 247,\r\n                    \"posY\": 137,\r\n                    \"labelX\": \"E\",\r\n                    \"labelY\": \"3\"\r\n                },\r\n                {\r\n                    \"posX\": 357,\r\n                    \"posY\": 192,\r\n                    \"labelX\": \"G\",\r\n                    \"labelY\": \"4\"\r\n                }\r\n            ]\r\n        },\r\n        {\r\n            \"stars\": [\r\n                {\r\n                    \"posX\": 357,\r\n                    \"posY\": 82,\r\n                    \"labelX\": \"G\",\r\n                    \"labelY\": \"2\"\r\n                },\r\n                {\r\n                    \"posX\": 357,\r\n                    \"posY\": 192,\r\n                    \"labelX\": \"G\",\r\n                    \"labelY\": \"4\"\r\n                }\r\n            ]\r\n        },\r\n        {\r\n            \"stars\": [\r\n                {\r\n                    \"posX\": 357,\r\n                    \"posY\": 192,\r\n                    \"labelX\": \"G\",\r\n                    \"labelY\": \"4\"\r\n                },\r\n                {\r\n                    \"posX\": 467,\r\n                    \"posY\": 302,\r\n                    \"labelX\": \"I\",\r\n                    \"labelY\": \"6\"\r\n                }\r\n            ]\r\n        },\r\n        {\r\n            \"stars\": [\r\n                {\r\n                    \"posX\": 302,\r\n                    \"posY\": 412,\r\n                    \"labelX\": \"F\",\r\n                    \"labelY\": \"8\"\r\n                },\r\n                {\r\n                    \"posX\": 467,\r\n                    \"posY\": 302,\r\n                    \"labelX\": \"I\",\r\n                    \"labelY\": \"6\"\r\n                }\r\n            ]\r\n        },\r\n        {\r\n            \"stars\": [\r\n                {\r\n                    \"posX\": 302,\r\n                    \"posY\": 412,\r\n                    \"labelX\": \"F\",\r\n                    \"labelY\": \"8\"\r\n                },\r\n                {\r\n                    \"posX\": 302,\r\n                    \"posY\": 577,\r\n                    \"labelX\": \"F\",\r\n                    \"labelY\": \"11\"\r\n                }\r\n            ]\r\n        }\r\n    ]\r\n}', 1, 1, 1),
(3, 'd817c', 'Pastýř', 'spring/bootes.png', 'Záře stovek a stovek hvězd na noční obloze je bezpochyby nádherný úkaz, ale zároveň tím čím dál více oceňuji <b class=\"important\">denní světlo</b> a pohodlí práce v něm. Má lucerna mi k zapisování stačí, to ano, ale při cestování bych měl výhrady. Přeci jen, k osvětlení <b class=\"important\">většího okolí</b> vážně nevystačí, a nerad bych v takové tmě na něco narazil. Ani na to nechci myslet, raději zůstanu u pozorování hvězd.', '<img id=\"spring-3\" src=\"/images/puzzles/tmavá krása.png\">', '[\"C6-E2\",\"C6-K12\",\"E2-I4\",\"G15-K12\",\"I4-K12\",\"K12-N13\"]', '{\r\n    \"stars\": [\r\n        {\r\n            \"posX\": 185.125,\r\n            \"posY\": 61.375,\r\n            \"labelX\": \"E\",\r\n            \"labelY\": \"2\"\r\n        },\r\n        {\r\n            \"posX\": 432.625,\r\n            \"posY\": 473.875,\r\n            \"labelX\": \"K\",\r\n            \"labelY\": \"12\"\r\n        },\r\n        {\r\n            \"posX\": 556.375,\r\n            \"posY\": 515.125,\r\n            \"labelX\": \"N\",\r\n            \"labelY\": \"13\"\r\n        },\r\n        {\r\n            \"posX\": 267.625,\r\n            \"posY\": 597.625,\r\n            \"labelX\": \"G\",\r\n            \"labelY\": \"15\"\r\n        },\r\n        {\r\n            \"posX\": 102.625,\r\n            \"posY\": 226.375,\r\n            \"labelX\": \"C\",\r\n            \"labelY\": \"6\"\r\n        },\r\n        {\r\n            \"posX\": 350.125,\r\n            \"posY\": 143.875,\r\n            \"labelX\": \"I\",\r\n            \"labelY\": \"4\"\r\n        }\r\n    ],\r\n    \"connections\": [\r\n        {\r\n            \"stars\": [\r\n                {\r\n                    \"posX\": 432.625,\r\n                    \"posY\": 473.875,\r\n                    \"labelX\": \"K\",\r\n                    \"labelY\": \"12\"\r\n                },\r\n                {\r\n                    \"posX\": 556.375,\r\n                    \"posY\": 515.125,\r\n                    \"labelX\": \"N\",\r\n                    \"labelY\": \"13\"\r\n                }\r\n            ]\r\n        },\r\n        {\r\n            \"stars\": [\r\n                {\r\n                    \"posX\": 267.625,\r\n                    \"posY\": 597.625,\r\n                    \"labelX\": \"G\",\r\n                    \"labelY\": \"15\"\r\n                },\r\n                {\r\n                    \"posX\": 432.625,\r\n                    \"posY\": 473.875,\r\n                    \"labelX\": \"K\",\r\n                    \"labelY\": \"12\"\r\n                }\r\n            ]\r\n        },\r\n        {\r\n            \"stars\": [\r\n                {\r\n                    \"posX\": 102.625,\r\n                    \"posY\": 226.375,\r\n                    \"labelX\": \"C\",\r\n                    \"labelY\": \"6\"\r\n                },\r\n                {\r\n                    \"posX\": 185.125,\r\n                    \"posY\": 61.375,\r\n                    \"labelX\": \"E\",\r\n                    \"labelY\": \"2\"\r\n                }\r\n            ]\r\n        },\r\n        {\r\n            \"stars\": [\r\n                {\r\n                    \"posX\": 102.625,\r\n                    \"posY\": 226.375,\r\n                    \"labelX\": \"C\",\r\n                    \"labelY\": \"6\"\r\n                },\r\n                {\r\n                    \"posX\": 432.625,\r\n                    \"posY\": 473.875,\r\n                    \"labelX\": \"K\",\r\n                    \"labelY\": \"12\"\r\n                }\r\n            ]\r\n        },\r\n        {\r\n            \"stars\": [\r\n                {\r\n                    \"posX\": 185.125,\r\n                    \"posY\": 61.375,\r\n                    \"labelX\": \"E\",\r\n                    \"labelY\": \"2\"\r\n                },\r\n                {\r\n                    \"posX\": 350.125,\r\n                    \"posY\": 143.875,\r\n                    \"labelX\": \"I\",\r\n                    \"labelY\": \"4\"\r\n                }\r\n            ]\r\n        },\r\n        {\r\n            \"stars\": [\r\n                {\r\n                    \"posX\": 350.125,\r\n                    \"posY\": 143.875,\r\n                    \"labelX\": \"I\",\r\n                    \"labelY\": \"4\"\r\n                },\r\n                {\r\n                    \"posX\": 432.625,\r\n                    \"posY\": 473.875,\r\n                    \"labelX\": \"K\",\r\n                    \"labelY\": \"12\"\r\n                }\r\n            ]\r\n        }\r\n    ]\r\n}', 1, 1, 2),
(4, 'cac16', 'Váhy', 'spring/libra.png', 'Čím více hvězdy pozoruji, tím zvláštnější se stávají. Některé z nich skoro jakoby... jak to popsat... <b class=\"important\">blikaly?</b> Náhle jsou prostě jasnější, ale vždy jen na malou chvíli. Nechci tvrdit že je to <b class=\"important\">nějaký vzor,</b> nicméně to tak vypadá. A nebo už z toho blouzním. Ne, to bude pravda až ty hvězdy <b class=\"important\">uslyším</b>, pokud vůbec nějaké zvuky vydávají. To se ale asi nikdy nedozvím...', '<audio controls id=\"spring-4\"><source src=\"/media/zvuky nebes.ogg\" type=\"audio/ogg\"></audio>', '[\"C4-D6\",\"D6-K2\",\"E15-F13\",\"F13-L12\",\"K2-L12\",\"K2-O6\",\"L12-O6\"]', '{\r\n    \"stars\": [\r\n        {\r\n            \"posX\": 432.625,\r\n            \"posY\": 61.375,\r\n            \"labelX\": \"K\",\r\n            \"labelY\": \"2\"\r\n        },\r\n        {\r\n            \"posX\": 473.875,\r\n            \"posY\": 473.875,\r\n            \"labelX\": \"L\",\r\n            \"labelY\": \"12\"\r\n        },\r\n        {\r\n            \"posX\": 597.625,\r\n            \"posY\": 226.375,\r\n            \"labelX\": \"O\",\r\n            \"labelY\": \"6\"\r\n        },\r\n        {\r\n            \"posX\": 226.375,\r\n            \"posY\": 515.125,\r\n            \"labelX\": \"F\",\r\n            \"labelY\": \"13\"\r\n        },\r\n        {\r\n            \"posX\": 185.125,\r\n            \"posY\": 597.625,\r\n            \"labelX\": \"E\",\r\n            \"labelY\": \"15\"\r\n        },\r\n        {\r\n            \"posX\": 143.875,\r\n            \"posY\": 226.375,\r\n            \"labelX\": \"D\",\r\n            \"labelY\": \"6\"\r\n        },\r\n        {\r\n            \"posX\": 102.625,\r\n            \"posY\": 143.875,\r\n            \"labelX\": \"C\",\r\n            \"labelY\": \"4\"\r\n        }\r\n    ],\r\n    \"connections\": [\r\n        {\r\n            \"stars\": [\r\n                {\r\n                    \"posX\": 185.125,\r\n                    \"posY\": 597.625,\r\n                    \"labelX\": \"E\",\r\n                    \"labelY\": \"15\"\r\n                },\r\n                {\r\n                    \"posX\": 226.375,\r\n                    \"posY\": 515.125,\r\n                    \"labelX\": \"F\",\r\n                    \"labelY\": \"13\"\r\n                }\r\n            ]\r\n        },\r\n        {\r\n            \"stars\": [\r\n                {\r\n                    \"posX\": 226.375,\r\n                    \"posY\": 515.125,\r\n                    \"labelX\": \"F\",\r\n                    \"labelY\": \"13\"\r\n                },\r\n                {\r\n                    \"posX\": 473.875,\r\n                    \"posY\": 473.875,\r\n                    \"labelX\": \"L\",\r\n                    \"labelY\": \"12\"\r\n                }\r\n            ]\r\n        },\r\n        {\r\n            \"stars\": [\r\n                {\r\n                    \"posX\": 473.875,\r\n                    \"posY\": 473.875,\r\n                    \"labelX\": \"L\",\r\n                    \"labelY\": \"12\"\r\n                },\r\n                {\r\n                    \"posX\": 597.625,\r\n                    \"posY\": 226.375,\r\n                    \"labelX\": \"O\",\r\n                    \"labelY\": \"6\"\r\n                }\r\n            ]\r\n        },\r\n        {\r\n            \"stars\": [\r\n                {\r\n                    \"posX\": 432.625,\r\n                    \"posY\": 61.375,\r\n                    \"labelX\": \"K\",\r\n                    \"labelY\": \"2\"\r\n                },\r\n                {\r\n                    \"posX\": 597.625,\r\n                    \"posY\": 226.375,\r\n                    \"labelX\": \"O\",\r\n                    \"labelY\": \"6\"\r\n                }\r\n            ]\r\n        },\r\n        {\r\n            \"stars\": [\r\n                {\r\n                    \"posX\": 143.875,\r\n                    \"posY\": 226.375,\r\n                    \"labelX\": \"D\",\r\n                    \"labelY\": \"6\"\r\n                },\r\n                {\r\n                    \"posX\": 432.625,\r\n                    \"posY\": 61.375,\r\n                    \"labelX\": \"K\",\r\n                    \"labelY\": \"2\"\r\n                }\r\n            ]\r\n        },\r\n        {\r\n            \"stars\": [\r\n                {\r\n                    \"posX\": 102.625,\r\n                    \"posY\": 143.875,\r\n                    \"labelX\": \"C\",\r\n                    \"labelY\": \"4\"\r\n                },\r\n                {\r\n                    \"posX\": 143.875,\r\n                    \"posY\": 226.375,\r\n                    \"labelX\": \"D\",\r\n                    \"labelY\": \"6\"\r\n                }\r\n            ]\r\n        },\r\n        {\r\n            \"stars\": [\r\n                {\r\n                    \"posX\": 432.625,\r\n                    \"posY\": 61.375,\r\n                    \"labelX\": \"K\",\r\n                    \"labelY\": \"2\"\r\n                },\r\n                {\r\n                    \"posX\": 473.875,\r\n                    \"posY\": 473.875,\r\n                    \"labelX\": \"L\",\r\n                    \"labelY\": \"12\"\r\n                }\r\n            ]\r\n        }\r\n    ]\r\n}', 1, 1, 2),
(5, '069e2', 'Lev', 'spring/leo.png', 'Někomu, kdo se pozorování hvězd nevěnuje, se může zdát, že to není moc náročné. Ve skutečnosti to zabírá docela dost <b class=\"important\">času,</b> obzvláště pak zaznamenávání různých anomálií. Mezi ně patří i ta <b class=\"important\">vteřinová bliknutí,</b> co jsem zpozoroval u posledního souhvězdí. Bohužel, moje přesýpací hodiny mají písek jen na <b class=\"important\">deset minut,</b> takže si musím každý další cyklus označovat <b class=\"important\">křížkem.</b> Není to zrovna elegantní, ale postačí to. Snad takových anomálií tentokrát nebude mnoho.', '<iframe id=\"spring-5\" src=\"https://www.youtube.com/embed/f7tszdJP-g0\"></iframe>', '[\"C17-G11\",\"C17-H15\",\"G11-M10\",\"H15-Q17\",\"M10-P13\",\"M7-M10\",\"M7-P4\",\"P13-Q17\",\"P4-R6\"]', '{\r\n    \"stars\": [\r\n        {\r\n            \"posX\": 82,\r\n            \"posY\": 544,\r\n            \"labelX\": \"C\",\r\n            \"labelY\": \"17\"\r\n        },\r\n        {\r\n            \"posX\": 544,\r\n            \"posY\": 544,\r\n            \"labelX\": \"Q\",\r\n            \"labelY\": \"17\"\r\n        },\r\n        {\r\n            \"posX\": 511,\r\n            \"posY\": 412,\r\n            \"labelX\": \"P\",\r\n            \"labelY\": \"13\"\r\n        },\r\n        {\r\n            \"posX\": 412,\r\n            \"posY\": 313,\r\n            \"labelX\": \"M\",\r\n            \"labelY\": \"10\"\r\n        },\r\n        {\r\n            \"posX\": 412,\r\n            \"posY\": 214,\r\n            \"labelX\": \"M\",\r\n            \"labelY\": \"7\"\r\n        },\r\n        {\r\n            \"posX\": 511,\r\n            \"posY\": 115,\r\n            \"labelX\": \"P\",\r\n            \"labelY\": \"4\"\r\n        },\r\n        {\r\n            \"posX\": 577,\r\n            \"posY\": 181,\r\n            \"labelX\": \"R\",\r\n            \"labelY\": \"6\"\r\n        },\r\n        {\r\n            \"posX\": 247,\r\n            \"posY\": 478,\r\n            \"labelX\": \"H\",\r\n            \"labelY\": \"15\"\r\n        },\r\n        {\r\n            \"posX\": 214,\r\n            \"posY\": 346,\r\n            \"labelX\": \"G\",\r\n            \"labelY\": \"11\"\r\n        }\r\n    ],\r\n    \"connections\": [\r\n        {\r\n            \"stars\": [\r\n                {\r\n                    \"posX\": 511,\r\n                    \"posY\": 115,\r\n                    \"labelX\": \"P\",\r\n                    \"labelY\": \"4\"\r\n                },\r\n                {\r\n                    \"posX\": 577,\r\n                    \"posY\": 181,\r\n                    \"labelX\": \"R\",\r\n                    \"labelY\": \"6\"\r\n                }\r\n            ]\r\n        },\r\n        {\r\n            \"stars\": [\r\n                {\r\n                    \"posX\": 412,\r\n                    \"posY\": 214,\r\n                    \"labelX\": \"M\",\r\n                    \"labelY\": \"7\"\r\n                },\r\n                {\r\n                    \"posX\": 511,\r\n                    \"posY\": 115,\r\n                    \"labelX\": \"P\",\r\n                    \"labelY\": \"4\"\r\n                }\r\n            ]\r\n        },\r\n        {\r\n            \"stars\": [\r\n                {\r\n                    \"posX\": 412,\r\n                    \"posY\": 214,\r\n                    \"labelX\": \"M\",\r\n                    \"labelY\": \"7\"\r\n                },\r\n                {\r\n                    \"posX\": 412,\r\n                    \"posY\": 313,\r\n                    \"labelX\": \"M\",\r\n                    \"labelY\": \"10\"\r\n                }\r\n            ]\r\n        },\r\n        {\r\n            \"stars\": [\r\n                {\r\n                    \"posX\": 412,\r\n                    \"posY\": 313,\r\n                    \"labelX\": \"M\",\r\n                    \"labelY\": \"10\"\r\n                },\r\n                {\r\n                    \"posX\": 511,\r\n                    \"posY\": 412,\r\n                    \"labelX\": \"P\",\r\n                    \"labelY\": \"13\"\r\n                }\r\n            ]\r\n        },\r\n        {\r\n            \"stars\": [\r\n                {\r\n                    \"posX\": 511,\r\n                    \"posY\": 412,\r\n                    \"labelX\": \"P\",\r\n                    \"labelY\": \"13\"\r\n                },\r\n                {\r\n                    \"posX\": 544,\r\n                    \"posY\": 544,\r\n                    \"labelX\": \"Q\",\r\n                    \"labelY\": \"17\"\r\n                }\r\n            ]\r\n        },\r\n        {\r\n            \"stars\": [\r\n                {\r\n                    \"posX\": 82,\r\n                    \"posY\": 544,\r\n                    \"labelX\": \"C\",\r\n                    \"labelY\": \"17\"\r\n                },\r\n                {\r\n                    \"posX\": 247,\r\n                    \"posY\": 478,\r\n                    \"labelX\": \"H\",\r\n                    \"labelY\": \"15\"\r\n                }\r\n            ]\r\n        },\r\n        {\r\n            \"stars\": [\r\n                {\r\n                    \"posX\": 247,\r\n                    \"posY\": 478,\r\n                    \"labelX\": \"H\",\r\n                    \"labelY\": \"15\"\r\n                },\r\n                {\r\n                    \"posX\": 544,\r\n                    \"posY\": 544,\r\n                    \"labelX\": \"Q\",\r\n                    \"labelY\": \"17\"\r\n                }\r\n            ]\r\n        },\r\n        {\r\n            \"stars\": [\r\n                {\r\n                    \"posX\": 82,\r\n                    \"posY\": 544,\r\n                    \"labelX\": \"C\",\r\n                    \"labelY\": \"17\"\r\n                },\r\n                {\r\n                    \"posX\": 214,\r\n                    \"posY\": 346,\r\n                    \"labelX\": \"G\",\r\n                    \"labelY\": \"11\"\r\n                }\r\n            ]\r\n        },\r\n        {\r\n            \"stars\": [\r\n                {\r\n                    \"posX\": 214,\r\n                    \"posY\": 346,\r\n                    \"labelX\": \"G\",\r\n                    \"labelY\": \"11\"\r\n                },\r\n                {\r\n                    \"posX\": 412,\r\n                    \"posY\": 313,\r\n                    \"labelX\": \"M\",\r\n                    \"labelY\": \"10\"\r\n                }\r\n            ]\r\n        }\r\n    ]\r\n}', 1, 1, 3),
(6, '513a6', 'Panna', 'spring/virgo.png', 'Netrvalo dlouho si uvědomit, že vyjma <b class=\"important\">rotace</b> okolo Polárky se pozice hvězd nijak nemění. Tedy... alespoň ne znatelně. Jejich uspořádání a vzájemné vzdálenosti jsou pořád stejné, což mě přivedlo k myšlence. Jaká souhvězdí by se dala zpozorovat z jiné planety, jiné <b class=\"important\">perspektivy?</b> Co by symbolizovala? Jak by se jmenovala? A vůbec, z čeho vlastně hvězdy jsou? Z jakého <b class=\"important\">materiálu?</b> Co způsobuje, že svítí? Jaký je jejich <b class=\"important\">povrch?</b> Tolik otázek na které nejspíš nikdy nedostanu odpověď...', '<model-viewer src=\"media/dodecahedron.glb\" id=\"spring-6\" camera-controls disable-pan disable-zoom interaction-prompt=\"none\" orbit-sensitivity=\"0.25\" camera-orbit=\"107deg 0deg\"></model-viewer>', '[\"B13-E13\",\"B8-H9\",\"E13-F15\",\"F15-I15\",\"H9-I15\",\"H9-M7\",\"I15-K12\",\"K12-O11\",\"L3-M7\",\"M7-O11\",\"O11-S9\"]', '{\r\n    \"stars\": [\r\n        {\r\n            \"posX\": 247,\r\n            \"posY\": 280,\r\n            \"labelX\": \"H\",\r\n            \"labelY\": \"9\"\r\n        },\r\n        {\r\n            \"posX\": 280,\r\n            \"posY\": 478,\r\n            \"labelX\": \"I\",\r\n            \"labelY\": \"15\"\r\n        },\r\n        {\r\n            \"posX\": 49,\r\n            \"posY\": 412,\r\n            \"labelX\": \"B\",\r\n            \"labelY\": \"13\"\r\n        },\r\n        {\r\n            \"posX\": 148,\r\n            \"posY\": 412,\r\n            \"labelX\": \"E\",\r\n            \"labelY\": \"13\"\r\n        },\r\n        {\r\n            \"posX\": 181,\r\n            \"posY\": 478,\r\n            \"labelX\": \"F\",\r\n            \"labelY\": \"15\"\r\n        },\r\n        {\r\n            \"posX\": 49,\r\n            \"posY\": 247,\r\n            \"labelX\": \"B\",\r\n            \"labelY\": \"8\"\r\n        },\r\n        {\r\n            \"posX\": 478,\r\n            \"posY\": 346,\r\n            \"labelX\": \"O\",\r\n            \"labelY\": \"11\"\r\n        },\r\n        {\r\n            \"posX\": 346,\r\n            \"posY\": 379,\r\n            \"labelX\": \"K\",\r\n            \"labelY\": \"12\"\r\n        },\r\n        {\r\n            \"posX\": 610,\r\n            \"posY\": 280,\r\n            \"labelX\": \"S\",\r\n            \"labelY\": \"9\"\r\n        },\r\n        {\r\n            \"posX\": 412,\r\n            \"posY\": 214,\r\n            \"labelX\": \"M\",\r\n            \"labelY\": \"7\"\r\n        },\r\n        {\r\n            \"posX\": 379,\r\n            \"posY\": 82,\r\n            \"labelX\": \"L\",\r\n            \"labelY\": \"3\"\r\n        }\r\n    ],\r\n    \"connections\": [\r\n        {\r\n            \"stars\": [\r\n                {\r\n                    \"posX\": 247,\r\n                    \"posY\": 280,\r\n                    \"labelX\": \"H\",\r\n                    \"labelY\": \"9\"\r\n                },\r\n                {\r\n                    \"posX\": 280,\r\n                    \"posY\": 478,\r\n                    \"labelX\": \"I\",\r\n                    \"labelY\": \"15\"\r\n                }\r\n            ]\r\n        },\r\n        {\r\n            \"stars\": [\r\n                {\r\n                    \"posX\": 280,\r\n                    \"posY\": 478,\r\n                    \"labelX\": \"I\",\r\n                    \"labelY\": \"15\"\r\n                },\r\n                {\r\n                    \"posX\": 346,\r\n                    \"posY\": 379,\r\n                    \"labelX\": \"K\",\r\n                    \"labelY\": \"12\"\r\n                }\r\n            ]\r\n        },\r\n        {\r\n            \"stars\": [\r\n                {\r\n                    \"posX\": 346,\r\n                    \"posY\": 379,\r\n                    \"labelX\": \"K\",\r\n                    \"labelY\": \"12\"\r\n                },\r\n                {\r\n                    \"posX\": 478,\r\n                    \"posY\": 346,\r\n                    \"labelX\": \"O\",\r\n                    \"labelY\": \"11\"\r\n                }\r\n            ]\r\n        },\r\n        {\r\n            \"stars\": [\r\n                {\r\n                    \"posX\": 478,\r\n                    \"posY\": 346,\r\n                    \"labelX\": \"O\",\r\n                    \"labelY\": \"11\"\r\n                },\r\n                {\r\n                    \"posX\": 610,\r\n                    \"posY\": 280,\r\n                    \"labelX\": \"S\",\r\n                    \"labelY\": \"9\"\r\n                }\r\n            ]\r\n        },\r\n        {\r\n            \"stars\": [\r\n                {\r\n                    \"posX\": 49,\r\n                    \"posY\": 247,\r\n                    \"labelX\": \"B\",\r\n                    \"labelY\": \"8\"\r\n                },\r\n                {\r\n                    \"posX\": 247,\r\n                    \"posY\": 280,\r\n                    \"labelX\": \"H\",\r\n                    \"labelY\": \"9\"\r\n                }\r\n            ]\r\n        },\r\n        {\r\n            \"stars\": [\r\n                {\r\n                    \"posX\": 181,\r\n                    \"posY\": 478,\r\n                    \"labelX\": \"F\",\r\n                    \"labelY\": \"15\"\r\n                },\r\n                {\r\n                    \"posX\": 280,\r\n                    \"posY\": 478,\r\n                    \"labelX\": \"I\",\r\n                    \"labelY\": \"15\"\r\n                }\r\n            ]\r\n        },\r\n        {\r\n            \"stars\": [\r\n                {\r\n                    \"posX\": 148,\r\n                    \"posY\": 412,\r\n                    \"labelX\": \"E\",\r\n                    \"labelY\": \"13\"\r\n                },\r\n                {\r\n                    \"posX\": 181,\r\n                    \"posY\": 478,\r\n                    \"labelX\": \"F\",\r\n                    \"labelY\": \"15\"\r\n                }\r\n            ]\r\n        },\r\n        {\r\n            \"stars\": [\r\n                {\r\n                    \"posX\": 49,\r\n                    \"posY\": 412,\r\n                    \"labelX\": \"B\",\r\n                    \"labelY\": \"13\"\r\n                },\r\n                {\r\n                    \"posX\": 148,\r\n                    \"posY\": 412,\r\n                    \"labelX\": \"E\",\r\n                    \"labelY\": \"13\"\r\n                }\r\n            ]\r\n        },\r\n        {\r\n            \"stars\": [\r\n                {\r\n                    \"posX\": 247,\r\n                    \"posY\": 280,\r\n                    \"labelX\": \"H\",\r\n                    \"labelY\": \"9\"\r\n                },\r\n                {\r\n                    \"posX\": 412,\r\n                    \"posY\": 214,\r\n                    \"labelX\": \"M\",\r\n                    \"labelY\": \"7\"\r\n                }\r\n            ]\r\n        },\r\n        {\r\n            \"stars\": [\r\n                {\r\n                    \"posX\": 412,\r\n                    \"posY\": 214,\r\n                    \"labelX\": \"M\",\r\n                    \"labelY\": \"7\"\r\n                },\r\n                {\r\n                    \"posX\": 478,\r\n                    \"posY\": 346,\r\n                    \"labelX\": \"O\",\r\n                    \"labelY\": \"11\"\r\n                }\r\n            ]\r\n        },\r\n        {\r\n            \"stars\": [\r\n                {\r\n                    \"posX\": 379,\r\n                    \"posY\": 82,\r\n                    \"labelX\": \"L\",\r\n                    \"labelY\": \"3\"\r\n                },\r\n                {\r\n                    \"posX\": 412,\r\n                    \"posY\": 214,\r\n                    \"labelX\": \"M\",\r\n                    \"labelY\": \"7\"\r\n                }\r\n            ]\r\n        }\r\n    ]\r\n}', 1, 1, 3),
(7, '4c6d3', 'Delfín', 'summer/delphinus.png', 'Se začátkem léta jsem se rozhodl pro trochu odpočinku od neustálého pozorování oblohy a vydal jsem se na <b class=\"important\">cestu.</b> Nejen za krásou okolí, ale také za poznáním. Nejsem přece jediný, kdo se zabývá souhvězdími. Konec konců, já sám jsem s tím začal poté, co jsem v jedné ze svých knih našel <b class=\"important\">kus starého papíru</b> s vyznačenou hvězdou. Jednou bych chtěl poznat toho, komu patřil a dozvědět se od něj více. Otázkou teď ale je, <b class=\"important\">kudy se mám vydat?</b>', '<div id=\"summer-1\"><span class=\"summer-link\" id=\"GYoxR\">Praha →</span><span class=\"summer-link\" id=\"gX6vU\">← Plzeň</span><span class=\"summer-link\" id=\"EGqHL\">Brno →</span><span class=\"summer-link\" id=\"yfOYx\">← Domažlice</span><span class=\"summer-link\" id=\"dMLSI\">Pardubice →</span></div>', '[\"C2-D5\",\"C2-G3\",\"D5-H6\",\"G3-H6\",\"H6-I11\"]', '{\r\n    \"stars\": [\r\n        {\r\n            \"posX\": 467,\r\n            \"posY\": 577,\r\n            \"labelX\": \"I\",\r\n            \"labelY\": \"11\"\r\n        },\r\n        {\r\n            \"posX\": 137,\r\n            \"posY\": 82,\r\n            \"labelX\": \"C\",\r\n            \"labelY\": \"2\"\r\n        },\r\n        {\r\n            \"posX\": 192,\r\n            \"posY\": 247,\r\n            \"labelX\": \"D\",\r\n            \"labelY\": \"5\"\r\n        },\r\n        {\r\n            \"posX\": 357,\r\n            \"posY\": 137,\r\n            \"labelX\": \"G\",\r\n            \"labelY\": \"3\"\r\n        },\r\n        {\r\n            \"posX\": 412,\r\n            \"posY\": 302,\r\n            \"labelX\": \"H\",\r\n            \"labelY\": \"6\"\r\n        }\r\n    ],\r\n    \"connections\": [\r\n        {\r\n            \"stars\": [\r\n                {\r\n                    \"posX\": 137,\r\n                    \"posY\": 82,\r\n                    \"labelX\": \"C\",\r\n                    \"labelY\": \"2\"\r\n                },\r\n                {\r\n                    \"posX\": 192,\r\n                    \"posY\": 247,\r\n                    \"labelX\": \"D\",\r\n                    \"labelY\": \"5\"\r\n                }\r\n            ]\r\n        },\r\n        {\r\n            \"stars\": [\r\n                {\r\n                    \"posX\": 192,\r\n                    \"posY\": 247,\r\n                    \"labelX\": \"D\",\r\n                    \"labelY\": \"5\"\r\n                },\r\n                {\r\n                    \"posX\": 412,\r\n                    \"posY\": 302,\r\n                    \"labelX\": \"H\",\r\n                    \"labelY\": \"6\"\r\n                }\r\n            ]\r\n        },\r\n        {\r\n            \"stars\": [\r\n                {\r\n                    \"posX\": 357,\r\n                    \"posY\": 137,\r\n                    \"labelX\": \"G\",\r\n                    \"labelY\": \"3\"\r\n                },\r\n                {\r\n                    \"posX\": 412,\r\n                    \"posY\": 302,\r\n                    \"labelX\": \"H\",\r\n                    \"labelY\": \"6\"\r\n                }\r\n            ]\r\n        },\r\n        {\r\n            \"stars\": [\r\n                {\r\n                    \"posX\": 137,\r\n                    \"posY\": 82,\r\n                    \"labelX\": \"C\",\r\n                    \"labelY\": \"2\"\r\n                },\r\n                {\r\n                    \"posX\": 357,\r\n                    \"posY\": 137,\r\n                    \"labelX\": \"G\",\r\n                    \"labelY\": \"3\"\r\n                }\r\n            ]\r\n        },\r\n        {\r\n            \"stars\": [\r\n                {\r\n                    \"posX\": 412,\r\n                    \"posY\": 302,\r\n                    \"labelX\": \"H\",\r\n                    \"labelY\": \"6\"\r\n                },\r\n                {\r\n                    \"posX\": 467,\r\n                    \"posY\": 577,\r\n                    \"labelX\": \"I\",\r\n                    \"labelY\": \"11\"\r\n                }\r\n            ]\r\n        }\r\n    ]\r\n}', 2, 2, 1),
(8, '4db71', 'Lyra', 'summer/lyra.png', 'Někde jsem asi odbočil špatně. Následoval jsem směrovky, jak jen to šlo, dokud jich nezačalo být čím dál méně, až nakonec úplně zmizely. Bez nich se mi zdá, že možných <b class=\"important\">cest je daleko více,</b> možná i desítky. Těžko odhadnu, které vedou tam, kam potřebuji, ale vždycky se můžu <b class=\"important\">vrátit.</b> Můžu jedině doufat, že někdo podél nich zanechal alespoň nějaké označení, i kdyby jen <b class=\"important\">částečné.</b> Jinak se z tohohle bludiště nedostanu.', '<div id=\"summer-2\"><span class=\"summer-link\" id=\"YaQG3\">?????</span><span class=\"summer-link\" id=\"SGunH\">?????</span><span class=\"summer-link\" id=\"APIVS\">?????</span><span class=\"summer-link\" id=\"Pc4AC\">?????</span></div>', '[\"C11-D6\",\"C11-F10\",\"D6-G5\",\"F10-G5\",\"G2-I3\",\"G5-I3\"]', '{\r\n    \"stars\": [\r\n        {\r\n            \"posX\": 137,\r\n            \"posY\": 577,\r\n            \"labelX\": \"C\",\r\n            \"labelY\": \"11\"\r\n        },\r\n        {\r\n            \"posX\": 192,\r\n            \"posY\": 302,\r\n            \"labelX\": \"D\",\r\n            \"labelY\": \"6\"\r\n        },\r\n        {\r\n            \"posX\": 302,\r\n            \"posY\": 522,\r\n            \"labelX\": \"F\",\r\n            \"labelY\": \"10\"\r\n        },\r\n        {\r\n            \"posX\": 357,\r\n            \"posY\": 247,\r\n            \"labelX\": \"G\",\r\n            \"labelY\": \"5\"\r\n        },\r\n        {\r\n            \"posX\": 467,\r\n            \"posY\": 137,\r\n            \"labelX\": \"I\",\r\n            \"labelY\": \"3\"\r\n        },\r\n        {\r\n            \"posX\": 357,\r\n            \"posY\": 82,\r\n            \"labelX\": \"G\",\r\n            \"labelY\": \"2\"\r\n        }\r\n    ],\r\n    \"connections\": [\r\n        {\r\n            \"stars\": [\r\n                {\r\n                    \"posX\": 137,\r\n                    \"posY\": 577,\r\n                    \"labelX\": \"C\",\r\n                    \"labelY\": \"11\"\r\n                },\r\n                {\r\n                    \"posX\": 302,\r\n                    \"posY\": 522,\r\n                    \"labelX\": \"F\",\r\n                    \"labelY\": \"10\"\r\n                }\r\n            ]\r\n        },\r\n        {\r\n            \"stars\": [\r\n                {\r\n                    \"posX\": 302,\r\n                    \"posY\": 522,\r\n                    \"labelX\": \"F\",\r\n                    \"labelY\": \"10\"\r\n                },\r\n                {\r\n                    \"posX\": 357,\r\n                    \"posY\": 247,\r\n                    \"labelX\": \"G\",\r\n                    \"labelY\": \"5\"\r\n                }\r\n            ]\r\n        },\r\n        {\r\n            \"stars\": [\r\n                {\r\n                    \"posX\": 357,\r\n                    \"posY\": 247,\r\n                    \"labelX\": \"G\",\r\n                    \"labelY\": \"5\"\r\n                },\r\n                {\r\n                    \"posX\": 467,\r\n                    \"posY\": 137,\r\n                    \"labelX\": \"I\",\r\n                    \"labelY\": \"3\"\r\n                }\r\n            ]\r\n        },\r\n        {\r\n            \"stars\": [\r\n                {\r\n                    \"posX\": 357,\r\n                    \"posY\": 82,\r\n                    \"labelX\": \"G\",\r\n                    \"labelY\": \"2\"\r\n                },\r\n                {\r\n                    \"posX\": 467,\r\n                    \"posY\": 137,\r\n                    \"labelX\": \"I\",\r\n                    \"labelY\": \"3\"\r\n                }\r\n            ]\r\n        },\r\n        {\r\n            \"stars\": [\r\n                {\r\n                    \"posX\": 192,\r\n                    \"posY\": 302,\r\n                    \"labelX\": \"D\",\r\n                    \"labelY\": \"6\"\r\n                },\r\n                {\r\n                    \"posX\": 357,\r\n                    \"posY\": 247,\r\n                    \"labelX\": \"G\",\r\n                    \"labelY\": \"5\"\r\n                }\r\n            ]\r\n        },\r\n        {\r\n            \"stars\": [\r\n                {\r\n                    \"posX\": 137,\r\n                    \"posY\": 577,\r\n                    \"labelX\": \"C\",\r\n                    \"labelY\": \"11\"\r\n                },\r\n                {\r\n                    \"posX\": 192,\r\n                    \"posY\": 302,\r\n                    \"labelX\": \"D\",\r\n                    \"labelY\": \"6\"\r\n                }\r\n            ]\r\n        }\r\n    ]\r\n}', 2, 1, 1),
(9, '764c0', 'Kozoroh', 'summer/capricorn.png', 'Konečně jsem někam dorazil, přesněji do malé vesničky se jménem <b class=\"important\">Uherní Roveň Lhotka.</b> Pěkné jméno, ale docela dlouhé, kdybych ho chtěl opakovaně psát. Nějak bych ho musel <b class=\"important\">zkrátit.</b> To je ale vedlejší, nejdříve bych si měl odpočinout a někde přenocovat. Potom bych měl zjistit, kam budu chtít pokračovat a někam si tyhle možnosti <b class=\"important\">napsat.</b> Přece nechci skončit někde, kde jsem nikdy nebyl.', '<div id=\"summer-3\"><span>← Trutnov</span><span>Bruntál →</span><span>← Vtelno</span><span>Dukovany →</span></div>', '[\"B7-E11\",\"B7-H8\",\"E11-I13\",\"H8-N6\",\"I13-N6\",\"N6-O3\"]', '{\r\n    \"stars\": [\r\n        {\r\n            \"posX\": 350.125,\r\n            \"posY\": 515.125,\r\n            \"labelX\": \"I\",\r\n            \"labelY\": \"13\"\r\n        },\r\n        {\r\n            \"posX\": 185.125,\r\n            \"posY\": 432.625,\r\n            \"labelX\": \"E\",\r\n            \"labelY\": \"11\"\r\n        },\r\n        {\r\n            \"posX\": 61.375,\r\n            \"posY\": 267.625,\r\n            \"labelX\": \"B\",\r\n            \"labelY\": \"7\"\r\n        },\r\n        {\r\n            \"posX\": 556.375,\r\n            \"posY\": 226.375,\r\n            \"labelX\": \"N\",\r\n            \"labelY\": \"6\"\r\n        },\r\n        {\r\n            \"posX\": 597.625,\r\n            \"posY\": 102.625,\r\n            \"labelX\": \"O\",\r\n            \"labelY\": \"3\"\r\n        },\r\n        {\r\n            \"posX\": 308.875,\r\n            \"posY\": 308.875,\r\n            \"labelX\": \"H\",\r\n            \"labelY\": \"8\"\r\n        }\r\n    ],\r\n    \"connections\": [\r\n        {\r\n            \"stars\": [\r\n                {\r\n                    \"posX\": 61.375,\r\n                    \"posY\": 267.625,\r\n                    \"labelX\": \"B\",\r\n                    \"labelY\": \"7\"\r\n                },\r\n                {\r\n                    \"posX\": 185.125,\r\n                    \"posY\": 432.625,\r\n                    \"labelX\": \"E\",\r\n                    \"labelY\": \"11\"\r\n                }\r\n            ]\r\n        },\r\n        {\r\n            \"stars\": [\r\n                {\r\n                    \"posX\": 185.125,\r\n                    \"posY\": 432.625,\r\n                    \"labelX\": \"E\",\r\n                    \"labelY\": \"11\"\r\n                },\r\n                {\r\n                    \"posX\": 350.125,\r\n                    \"posY\": 515.125,\r\n                    \"labelX\": \"I\",\r\n                    \"labelY\": \"13\"\r\n                }\r\n            ]\r\n        },\r\n        {\r\n            \"stars\": [\r\n                {\r\n                    \"posX\": 556.375,\r\n                    \"posY\": 226.375,\r\n                    \"labelX\": \"N\",\r\n                    \"labelY\": \"6\"\r\n                },\r\n                {\r\n                    \"posX\": 597.625,\r\n                    \"posY\": 102.625,\r\n                    \"labelX\": \"O\",\r\n                    \"labelY\": \"3\"\r\n                }\r\n            ]\r\n        },\r\n        {\r\n            \"stars\": [\r\n                {\r\n                    \"posX\": 350.125,\r\n                    \"posY\": 515.125,\r\n                    \"labelX\": \"I\",\r\n                    \"labelY\": \"13\"\r\n                },\r\n                {\r\n                    \"posX\": 556.375,\r\n                    \"posY\": 226.375,\r\n                    \"labelX\": \"N\",\r\n                    \"labelY\": \"6\"\r\n                }\r\n            ]\r\n        },\r\n        {\r\n            \"stars\": [\r\n                {\r\n                    \"posX\": 61.375,\r\n                    \"posY\": 267.625,\r\n                    \"labelX\": \"B\",\r\n                    \"labelY\": \"7\"\r\n                },\r\n                {\r\n                    \"posX\": 308.875,\r\n                    \"posY\": 308.875,\r\n                    \"labelX\": \"H\",\r\n                    \"labelY\": \"8\"\r\n                }\r\n            ]\r\n        },\r\n        {\r\n            \"stars\": [\r\n                {\r\n                    \"posX\": 308.875,\r\n                    \"posY\": 308.875,\r\n                    \"labelX\": \"H\",\r\n                    \"labelY\": \"8\"\r\n                },\r\n                {\r\n                    \"posX\": 556.375,\r\n                    \"posY\": 226.375,\r\n                    \"labelX\": \"N\",\r\n                    \"labelY\": \"6\"\r\n                }\r\n            ]\r\n        }\r\n    ]\r\n}', 2, 1, 2);
INSERT INTO `puzzles` (`id`, `puzzleID`, `name`, `image`, `flavorText`, `content`, `coordCheck`, `constellationData`, `puzzleSeason`, `puzzleState`, `difficulty`) VALUES
(10, '80bd4', 'Orel', 'summer/aquila.png', 'Po týdnu cestování jsem dorazil do většího města, a když jsem spatřil, že mají knihovnu, vydal jsem se tam. Z jejich výběru mě zaujala kniha s názvem <b class=\"important\">Znakové Párování.</b> Bylo na ní několik nepravidelně, ale zároveň úmyslně rozmístěných čtverců s čísly. Soudě dle názvu bude každý čtverec <b class=\"important\">odpovídat nějakému znaku.</b> Jestli ano, tak nevím, jak zjistit ty správné páry. Ale dva čtverce měli navíc čárky, možná mi nějak pomůžou se v tom zorientovat.', '<img id=\"summer-4\" src=\"/images/puzzles/číselné kameny.png\">', '[\"C13-E6\",\"C13-I10\",\"E6-K4\",\"I10-K4\",\"I10-L14\",\"K4-M2\",\"L14-N15\"]', '{\r\n    \"stars\": [\r\n        {\r\n            \"posX\": 102.625,\r\n            \"posY\": 515.125,\r\n            \"labelX\": \"C\",\r\n            \"labelY\": \"13\"\r\n        },\r\n        {\r\n            \"posX\": 350.125,\r\n            \"posY\": 391.375,\r\n            \"labelX\": \"I\",\r\n            \"labelY\": \"10\"\r\n        },\r\n        {\r\n            \"posX\": 185.125,\r\n            \"posY\": 226.375,\r\n            \"labelX\": \"E\",\r\n            \"labelY\": \"6\"\r\n        },\r\n        {\r\n            \"posX\": 432.625,\r\n            \"posY\": 143.875,\r\n            \"labelX\": \"K\",\r\n            \"labelY\": \"4\"\r\n        },\r\n        {\r\n            \"posX\": 515.125,\r\n            \"posY\": 61.375,\r\n            \"labelX\": \"M\",\r\n            \"labelY\": \"2\"\r\n        },\r\n        {\r\n            \"posX\": 473.875,\r\n            \"posY\": 556.375,\r\n            \"labelX\": \"L\",\r\n            \"labelY\": \"14\"\r\n        },\r\n        {\r\n            \"posX\": 556.375,\r\n            \"posY\": 597.625,\r\n            \"labelX\": \"N\",\r\n            \"labelY\": \"15\"\r\n        }\r\n    ],\r\n    \"connections\": [\r\n        {\r\n            \"stars\": [\r\n                {\r\n                    \"posX\": 102.625,\r\n                    \"posY\": 515.125,\r\n                    \"labelX\": \"C\",\r\n                    \"labelY\": \"13\"\r\n                },\r\n                {\r\n                    \"posX\": 350.125,\r\n                    \"posY\": 391.375,\r\n                    \"labelX\": \"I\",\r\n                    \"labelY\": \"10\"\r\n                }\r\n            ]\r\n        },\r\n        {\r\n            \"stars\": [\r\n                {\r\n                    \"posX\": 350.125,\r\n                    \"posY\": 391.375,\r\n                    \"labelX\": \"I\",\r\n                    \"labelY\": \"10\"\r\n                },\r\n                {\r\n                    \"posX\": 432.625,\r\n                    \"posY\": 143.875,\r\n                    \"labelX\": \"K\",\r\n                    \"labelY\": \"4\"\r\n                }\r\n            ]\r\n        },\r\n        {\r\n            \"stars\": [\r\n                {\r\n                    \"posX\": 432.625,\r\n                    \"posY\": 143.875,\r\n                    \"labelX\": \"K\",\r\n                    \"labelY\": \"4\"\r\n                },\r\n                {\r\n                    \"posX\": 515.125,\r\n                    \"posY\": 61.375,\r\n                    \"labelX\": \"M\",\r\n                    \"labelY\": \"2\"\r\n                }\r\n            ]\r\n        },\r\n        {\r\n            \"stars\": [\r\n                {\r\n                    \"posX\": 185.125,\r\n                    \"posY\": 226.375,\r\n                    \"labelX\": \"E\",\r\n                    \"labelY\": \"6\"\r\n                },\r\n                {\r\n                    \"posX\": 432.625,\r\n                    \"posY\": 143.875,\r\n                    \"labelX\": \"K\",\r\n                    \"labelY\": \"4\"\r\n                }\r\n            ]\r\n        },\r\n        {\r\n            \"stars\": [\r\n                {\r\n                    \"posX\": 102.625,\r\n                    \"posY\": 515.125,\r\n                    \"labelX\": \"C\",\r\n                    \"labelY\": \"13\"\r\n                },\r\n                {\r\n                    \"posX\": 185.125,\r\n                    \"posY\": 226.375,\r\n                    \"labelX\": \"E\",\r\n                    \"labelY\": \"6\"\r\n                }\r\n            ]\r\n        },\r\n        {\r\n            \"stars\": [\r\n                {\r\n                    \"posX\": 350.125,\r\n                    \"posY\": 391.375,\r\n                    \"labelX\": \"I\",\r\n                    \"labelY\": \"10\"\r\n                },\r\n                {\r\n                    \"posX\": 473.875,\r\n                    \"posY\": 556.375,\r\n                    \"labelX\": \"L\",\r\n                    \"labelY\": \"14\"\r\n                }\r\n            ]\r\n        },\r\n        {\r\n            \"stars\": [\r\n                {\r\n                    \"posX\": 473.875,\r\n                    \"posY\": 556.375,\r\n                    \"labelX\": \"L\",\r\n                    \"labelY\": \"14\"\r\n                },\r\n                {\r\n                    \"posX\": 556.375,\r\n                    \"posY\": 597.625,\r\n                    \"labelX\": \"N\",\r\n                    \"labelY\": \"15\"\r\n                }\r\n            ]\r\n        }\r\n    ]\r\n}', 2, 1, 2),
(11, '31663', 'Štír', 'summer/scorpio.png', 'Po dvou týdnech cestování jsem se vrátil do vesničky <b class=\"important\">Uherní Roveň Lhotka,</b> kde se za tu dobu nic nezměnilo. Dnes tady opět přenocuju a zítra se vydám domů. To ovšem znamená, že budu muset opět projít tím bludištěm. Mít tak <b class=\"important\">navigační pomůcky,</b>  to by bylo daleko jednodušší. Budu ale optimista a <b class=\"important\">využiju poznatky</b> ze své cesty. Nebo bych se také mohl někoho zeptat na správný <b class=\"important\">směr...</b>', '<img id=\"summer-5\" src=\"/images/puzzles/navigační pomůcky.png\">', '[\"C17-D14\",\"C17-E19\",\"E19-J18\",\"J18-K12\",\"K12-N7\",\"N7-S5\",\"P2-R2\",\"R2-S5\",\"S5-S10\"]', '{\r\n    \"stars\": [\r\n        {\r\n            \"posX\": 148,\r\n            \"posY\": 610,\r\n            \"labelX\": \"E\",\r\n            \"labelY\": \"19\"\r\n        },\r\n        {\r\n            \"posX\": 313,\r\n            \"posY\": 577,\r\n            \"labelX\": \"J\",\r\n            \"labelY\": \"18\"\r\n        },\r\n        {\r\n            \"posX\": 346,\r\n            \"posY\": 379,\r\n            \"labelX\": \"K\",\r\n            \"labelY\": \"12\"\r\n        },\r\n        {\r\n            \"posX\": 445,\r\n            \"posY\": 214,\r\n            \"labelX\": \"N\",\r\n            \"labelY\": \"7\"\r\n        },\r\n        {\r\n            \"posX\": 610,\r\n            \"posY\": 148,\r\n            \"labelX\": \"S\",\r\n            \"labelY\": \"5\"\r\n        },\r\n        {\r\n            \"posX\": 610,\r\n            \"posY\": 313,\r\n            \"labelX\": \"S\",\r\n            \"labelY\": \"10\"\r\n        },\r\n        {\r\n            \"posX\": 577,\r\n            \"posY\": 49,\r\n            \"labelX\": \"R\",\r\n            \"labelY\": \"2\"\r\n        },\r\n        {\r\n            \"posX\": 511,\r\n            \"posY\": 49,\r\n            \"labelX\": \"P\",\r\n            \"labelY\": \"2\"\r\n        },\r\n        {\r\n            \"posX\": 82,\r\n            \"posY\": 544,\r\n            \"labelX\": \"C\",\r\n            \"labelY\": \"17\"\r\n        },\r\n        {\r\n            \"posX\": 115,\r\n            \"posY\": 445,\r\n            \"labelX\": \"D\",\r\n            \"labelY\": \"14\"\r\n        }\r\n    ],\r\n    \"connections\": [\r\n        {\r\n            \"stars\": [\r\n                {\r\n                    \"posX\": 511,\r\n                    \"posY\": 49,\r\n                    \"labelX\": \"P\",\r\n                    \"labelY\": \"2\"\r\n                },\r\n                {\r\n                    \"posX\": 577,\r\n                    \"posY\": 49,\r\n                    \"labelX\": \"R\",\r\n                    \"labelY\": \"2\"\r\n                }\r\n            ]\r\n        },\r\n        {\r\n            \"stars\": [\r\n                {\r\n                    \"posX\": 577,\r\n                    \"posY\": 49,\r\n                    \"labelX\": \"R\",\r\n                    \"labelY\": \"2\"\r\n                },\r\n                {\r\n                    \"posX\": 610,\r\n                    \"posY\": 148,\r\n                    \"labelX\": \"S\",\r\n                    \"labelY\": \"5\"\r\n                }\r\n            ]\r\n        },\r\n        {\r\n            \"stars\": [\r\n                {\r\n                    \"posX\": 610,\r\n                    \"posY\": 148,\r\n                    \"labelX\": \"S\",\r\n                    \"labelY\": \"5\"\r\n                },\r\n                {\r\n                    \"posX\": 610,\r\n                    \"posY\": 313,\r\n                    \"labelX\": \"S\",\r\n                    \"labelY\": \"10\"\r\n                }\r\n            ]\r\n        },\r\n        {\r\n            \"stars\": [\r\n                {\r\n                    \"posX\": 445,\r\n                    \"posY\": 214,\r\n                    \"labelX\": \"N\",\r\n                    \"labelY\": \"7\"\r\n                },\r\n                {\r\n                    \"posX\": 610,\r\n                    \"posY\": 148,\r\n                    \"labelX\": \"S\",\r\n                    \"labelY\": \"5\"\r\n                }\r\n            ]\r\n        },\r\n        {\r\n            \"stars\": [\r\n                {\r\n                    \"posX\": 346,\r\n                    \"posY\": 379,\r\n                    \"labelX\": \"K\",\r\n                    \"labelY\": \"12\"\r\n                },\r\n                {\r\n                    \"posX\": 445,\r\n                    \"posY\": 214,\r\n                    \"labelX\": \"N\",\r\n                    \"labelY\": \"7\"\r\n                }\r\n            ]\r\n        },\r\n        {\r\n            \"stars\": [\r\n                {\r\n                    \"posX\": 313,\r\n                    \"posY\": 577,\r\n                    \"labelX\": \"J\",\r\n                    \"labelY\": \"18\"\r\n                },\r\n                {\r\n                    \"posX\": 346,\r\n                    \"posY\": 379,\r\n                    \"labelX\": \"K\",\r\n                    \"labelY\": \"12\"\r\n                }\r\n            ]\r\n        },\r\n        {\r\n            \"stars\": [\r\n                {\r\n                    \"posX\": 148,\r\n                    \"posY\": 610,\r\n                    \"labelX\": \"E\",\r\n                    \"labelY\": \"19\"\r\n                },\r\n                {\r\n                    \"posX\": 313,\r\n                    \"posY\": 577,\r\n                    \"labelX\": \"J\",\r\n                    \"labelY\": \"18\"\r\n                }\r\n            ]\r\n        },\r\n        {\r\n            \"stars\": [\r\n                {\r\n                    \"posX\": 82,\r\n                    \"posY\": 544,\r\n                    \"labelX\": \"C\",\r\n                    \"labelY\": \"17\"\r\n                },\r\n                {\r\n                    \"posX\": 115,\r\n                    \"posY\": 445,\r\n                    \"labelX\": \"D\",\r\n                    \"labelY\": \"14\"\r\n                }\r\n            ]\r\n        },\r\n        {\r\n            \"stars\": [\r\n                {\r\n                    \"posX\": 82,\r\n                    \"posY\": 544,\r\n                    \"labelX\": \"C\",\r\n                    \"labelY\": \"17\"\r\n                },\r\n                {\r\n                    \"posX\": 148,\r\n                    \"posY\": 610,\r\n                    \"labelX\": \"E\",\r\n                    \"labelY\": \"19\"\r\n                }\r\n            ]\r\n        }\r\n    ]\r\n}', 2, 1, 3),
(12, '59f28', 'Hercules', 'summer/hercules.png', 'Při cestě domů jsem si u jedné <b class=\"important\">barevné</b> směrovky všiml kamene s rytinou poblíž. Jak jsem si toho mohl nevšimnout? To u ní vždycky byl? Tak či onak, zdá se, že jsou na něm vyryta něco jako zaklínadla, ale <b class=\"important\">nedávají mi smysl</b>. Jestli tomu tak opravdu je, stojí to za prozkoumání, hezky <b class=\"important\">písmeno po písmenu</b> – jejich výslovnost nebo <b class=\"important\">pozice</b> bude určitě nějak významná. Uvidíme, jaká další tajemství vesmíru mi má výprava odhalí.', '<div id=\"summer-6\"><p>avon<span class=\"summer-link\" id=\"tE5zl\">i</span>itfuete<span class=\"summer-link\" id=\"fgQ1x\">n</span>oeam<span class=\"summer-link\" id=\"kgj1y\">h</span>ic</p><p>sta<span class=\"summer-link\" id=\"uqLRK\">r</span>xoslek<span class=\"summer-link\" id=\"yRKN4\">h</span>iwureshi<span class=\"summer-link\" id=\"6oRcD\">n</span></p><p>ge<span class=\"summer-link\" id=\"MjlyY\">u</span>xuri<span class=\"summer-link\" id=\"0XbyD\">t</span>olaeqes<span class=\"summer-link\" id=\"ztgH3\">p</span>arin</p><p>j<span class=\"summer-link\" id=\"UIeMd\">o</span>onsico<span class=\"summer-link\" id=\"E98AJ\">g</span>iura<span class=\"summer-link\" id=\"E9wMj\">t</span>hiayur</p></div>', '[\"B9-D4\",\"B9-G9\",\"C17-H18\",\"G9-J14\",\"G9-L7\",\"H18-J14\",\"J14-M13\",\"L7-M13\",\"L7-N2\",\"M13-P16\",\"M19-P16\",\"N2-R4\",\"P16-R17\"]', '{\r\n    \"stars\": [\r\n        {\r\n            \"posX\": 214,\r\n            \"posY\": 280,\r\n            \"labelX\": \"G\",\r\n            \"labelY\": \"9\"\r\n        },\r\n        {\r\n            \"posX\": 379,\r\n            \"posY\": 214,\r\n            \"labelX\": \"L\",\r\n            \"labelY\": \"7\"\r\n        },\r\n        {\r\n            \"posX\": 313,\r\n            \"posY\": 445,\r\n            \"labelX\": \"J\",\r\n            \"labelY\": \"14\"\r\n        },\r\n        {\r\n            \"posX\": 412,\r\n            \"posY\": 412,\r\n            \"labelX\": \"M\",\r\n            \"labelY\": \"13\"\r\n        },\r\n        {\r\n            \"posX\": 49,\r\n            \"posY\": 280,\r\n            \"labelX\": \"B\",\r\n            \"labelY\": \"9\"\r\n        },\r\n        {\r\n            \"posX\": 115,\r\n            \"posY\": 115,\r\n            \"labelX\": \"D\",\r\n            \"labelY\": \"4\"\r\n        },\r\n        {\r\n            \"posX\": 445,\r\n            \"posY\": 49,\r\n            \"labelX\": \"N\",\r\n            \"labelY\": \"2\"\r\n        },\r\n        {\r\n            \"posX\": 577,\r\n            \"posY\": 115,\r\n            \"labelX\": \"R\",\r\n            \"labelY\": \"4\"\r\n        },\r\n        {\r\n            \"posX\": 247,\r\n            \"posY\": 577,\r\n            \"labelX\": \"H\",\r\n            \"labelY\": \"18\"\r\n        },\r\n        {\r\n            \"posX\": 82,\r\n            \"posY\": 544,\r\n            \"labelX\": \"C\",\r\n            \"labelY\": \"17\"\r\n        },\r\n        {\r\n            \"posX\": 511,\r\n            \"posY\": 511,\r\n            \"labelX\": \"P\",\r\n            \"labelY\": \"16\"\r\n        },\r\n        {\r\n            \"posX\": 412,\r\n            \"posY\": 610,\r\n            \"labelX\": \"M\",\r\n            \"labelY\": \"19\"\r\n        },\r\n        {\r\n            \"posX\": 577,\r\n            \"posY\": 544,\r\n            \"labelX\": \"R\",\r\n            \"labelY\": \"17\"\r\n        }\r\n    ],\r\n    \"connections\": [\r\n        {\r\n            \"stars\": [\r\n                {\r\n                    \"posX\": 214,\r\n                    \"posY\": 280,\r\n                    \"labelX\": \"G\",\r\n                    \"labelY\": \"9\"\r\n                },\r\n                {\r\n                    \"posX\": 379,\r\n                    \"posY\": 214,\r\n                    \"labelX\": \"L\",\r\n                    \"labelY\": \"7\"\r\n                }\r\n            ]\r\n        },\r\n        {\r\n            \"stars\": [\r\n                {\r\n                    \"posX\": 214,\r\n                    \"posY\": 280,\r\n                    \"labelX\": \"G\",\r\n                    \"labelY\": \"9\"\r\n                },\r\n                {\r\n                    \"posX\": 313,\r\n                    \"posY\": 445,\r\n                    \"labelX\": \"J\",\r\n                    \"labelY\": \"14\"\r\n                }\r\n            ]\r\n        },\r\n        {\r\n            \"stars\": [\r\n                {\r\n                    \"posX\": 313,\r\n                    \"posY\": 445,\r\n                    \"labelX\": \"J\",\r\n                    \"labelY\": \"14\"\r\n                },\r\n                {\r\n                    \"posX\": 412,\r\n                    \"posY\": 412,\r\n                    \"labelX\": \"M\",\r\n                    \"labelY\": \"13\"\r\n                }\r\n            ]\r\n        },\r\n        {\r\n            \"stars\": [\r\n                {\r\n                    \"posX\": 379,\r\n                    \"posY\": 214,\r\n                    \"labelX\": \"L\",\r\n                    \"labelY\": \"7\"\r\n                },\r\n                {\r\n                    \"posX\": 412,\r\n                    \"posY\": 412,\r\n                    \"labelX\": \"M\",\r\n                    \"labelY\": \"13\"\r\n                }\r\n            ]\r\n        },\r\n        {\r\n            \"stars\": [\r\n                {\r\n                    \"posX\": 49,\r\n                    \"posY\": 280,\r\n                    \"labelX\": \"B\",\r\n                    \"labelY\": \"9\"\r\n                },\r\n                {\r\n                    \"posX\": 214,\r\n                    \"posY\": 280,\r\n                    \"labelX\": \"G\",\r\n                    \"labelY\": \"9\"\r\n                }\r\n            ]\r\n        },\r\n        {\r\n            \"stars\": [\r\n                {\r\n                    \"posX\": 49,\r\n                    \"posY\": 280,\r\n                    \"labelX\": \"B\",\r\n                    \"labelY\": \"9\"\r\n                },\r\n                {\r\n                    \"posX\": 115,\r\n                    \"posY\": 115,\r\n                    \"labelX\": \"D\",\r\n                    \"labelY\": \"4\"\r\n                }\r\n            ]\r\n        },\r\n        {\r\n            \"stars\": [\r\n                {\r\n                    \"posX\": 379,\r\n                    \"posY\": 214,\r\n                    \"labelX\": \"L\",\r\n                    \"labelY\": \"7\"\r\n                },\r\n                {\r\n                    \"posX\": 445,\r\n                    \"posY\": 49,\r\n                    \"labelX\": \"N\",\r\n                    \"labelY\": \"2\"\r\n                }\r\n            ]\r\n        },\r\n        {\r\n            \"stars\": [\r\n                {\r\n                    \"posX\": 445,\r\n                    \"posY\": 49,\r\n                    \"labelX\": \"N\",\r\n                    \"labelY\": \"2\"\r\n                },\r\n                {\r\n                    \"posX\": 577,\r\n                    \"posY\": 115,\r\n                    \"labelX\": \"R\",\r\n                    \"labelY\": \"4\"\r\n                }\r\n            ]\r\n        },\r\n        {\r\n            \"stars\": [\r\n                {\r\n                    \"posX\": 247,\r\n                    \"posY\": 577,\r\n                    \"labelX\": \"H\",\r\n                    \"labelY\": \"18\"\r\n                },\r\n                {\r\n                    \"posX\": 313,\r\n                    \"posY\": 445,\r\n                    \"labelX\": \"J\",\r\n                    \"labelY\": \"14\"\r\n                }\r\n            ]\r\n        },\r\n        {\r\n            \"stars\": [\r\n                {\r\n                    \"posX\": 82,\r\n                    \"posY\": 544,\r\n                    \"labelX\": \"C\",\r\n                    \"labelY\": \"17\"\r\n                },\r\n                {\r\n                    \"posX\": 247,\r\n                    \"posY\": 577,\r\n                    \"labelX\": \"H\",\r\n                    \"labelY\": \"18\"\r\n                }\r\n            ]\r\n        },\r\n        {\r\n            \"stars\": [\r\n                {\r\n                    \"posX\": 412,\r\n                    \"posY\": 412,\r\n                    \"labelX\": \"M\",\r\n                    \"labelY\": \"13\"\r\n                },\r\n                {\r\n                    \"posX\": 511,\r\n                    \"posY\": 511,\r\n                    \"labelX\": \"P\",\r\n                    \"labelY\": \"16\"\r\n                }\r\n            ]\r\n        },\r\n        {\r\n            \"stars\": [\r\n                {\r\n                    \"posX\": 511,\r\n                    \"posY\": 511,\r\n                    \"labelX\": \"P\",\r\n                    \"labelY\": \"16\"\r\n                },\r\n                {\r\n                    \"posX\": 577,\r\n                    \"posY\": 544,\r\n                    \"labelX\": \"R\",\r\n                    \"labelY\": \"17\"\r\n                }\r\n            ]\r\n        },\r\n        {\r\n            \"stars\": [\r\n                {\r\n                    \"posX\": 412,\r\n                    \"posY\": 610,\r\n                    \"labelX\": \"M\",\r\n                    \"labelY\": \"19\"\r\n                },\r\n                {\r\n                    \"posX\": 511,\r\n                    \"posY\": 511,\r\n                    \"labelX\": \"P\",\r\n                    \"labelY\": \"16\"\r\n                }\r\n            ]\r\n        }\r\n    ]\r\n}', 2, 1, 3),
(13, 'a9f57', 'Kasiopeja', 'autumn/cassiopeia.png', 'Když jsem začal zaznamenávat podzimní oblohu, zdála se mi docela prostá, jenže to byl bohužel jen první dojem. Po <b class=\"important\">třech</b> hodinách pozorování jsem se rozhodl přeřadit hvězdu do jiného souhvězdí, které se ale za tu dobu z mého pohledu posunulo <b class=\"important\">doprava a dolů.</b> Přepsal jsem si tedy jeho souřadnice na nové, ale dle mých principů <b class=\"important\">nesprávné</b> hodnoty. Alespoň vím, že je lepší si nejdříve určit které hvězdy do souhvězdí patří, a až druhý den si je zaznamenat.', '<div id=\"autumn-1\">H5 – G9 – J10 – I14 – M13</div>', '[\"D6-E2\",\"D6-G7\",\"F11-G7\",\"F11-J10\"]', '{\r\n    \"stars\": [\r\n        {\r\n            \"posX\": 247,\r\n            \"posY\": 82,\r\n            \"labelX\": \"E\",\r\n            \"labelY\": \"2\"\r\n        },\r\n        {\r\n            \"posX\": 192,\r\n            \"posY\": 302,\r\n            \"labelX\": \"D\",\r\n            \"labelY\": \"6\"\r\n        },\r\n        {\r\n            \"posX\": 357,\r\n            \"posY\": 357,\r\n            \"labelX\": \"G\",\r\n            \"labelY\": \"7\"\r\n        },\r\n        {\r\n            \"posX\": 302,\r\n            \"posY\": 577,\r\n            \"labelX\": \"F\",\r\n            \"labelY\": \"11\"\r\n        },\r\n        {\r\n            \"posX\": 522,\r\n            \"posY\": 522,\r\n            \"labelX\": \"J\",\r\n            \"labelY\": \"10\"\r\n        }\r\n    ],\r\n    \"connections\": [\r\n        {\r\n            \"stars\": [\r\n                {\r\n                    \"posX\": 192,\r\n                    \"posY\": 302,\r\n                    \"labelX\": \"D\",\r\n                    \"labelY\": \"6\"\r\n                },\r\n                {\r\n                    \"posX\": 247,\r\n                    \"posY\": 82,\r\n                    \"labelX\": \"E\",\r\n                    \"labelY\": \"2\"\r\n                }\r\n            ]\r\n        },\r\n        {\r\n            \"stars\": [\r\n                {\r\n                    \"posX\": 192,\r\n                    \"posY\": 302,\r\n                    \"labelX\": \"D\",\r\n                    \"labelY\": \"6\"\r\n                },\r\n                {\r\n                    \"posX\": 357,\r\n                    \"posY\": 357,\r\n                    \"labelX\": \"G\",\r\n                    \"labelY\": \"7\"\r\n                }\r\n            ]\r\n        },\r\n        {\r\n            \"stars\": [\r\n                {\r\n                    \"posX\": 302,\r\n                    \"posY\": 577,\r\n                    \"labelX\": \"F\",\r\n                    \"labelY\": \"11\"\r\n                },\r\n                {\r\n                    \"posX\": 357,\r\n                    \"posY\": 357,\r\n                    \"labelX\": \"G\",\r\n                    \"labelY\": \"7\"\r\n                }\r\n            ]\r\n        },\r\n        {\r\n            \"stars\": [\r\n                {\r\n                    \"posX\": 302,\r\n                    \"posY\": 577,\r\n                    \"labelX\": \"F\",\r\n                    \"labelY\": \"11\"\r\n                },\r\n                {\r\n                    \"posX\": 522,\r\n                    \"posY\": 522,\r\n                    \"labelX\": \"J\",\r\n                    \"labelY\": \"10\"\r\n                }\r\n            ]\r\n        }\r\n    ]\r\n}', 3, 2, 1),
(14, '0ac5e', 'Beran', 'autumn/aries.png', 'Nazývat oblohu zákeřnou je nesmyslné, ale jinak si to nedokážu vysvětlit. Je to podivné – včerejší a dnešní záznamy se neshodují... ale jen z části. Znaky v souřadnicích jsou <b class=\"important\">stejné, jen přeházené.</b> Jenže takhle nemůžu rozumně nic určit. Dělám to nerad, ale budu je muset seřadit <b class=\"important\">podle abecedy,</b> pro systematičnost. A co se týče vertikálních pozic, vzestupné pořadí je vcelku nudné, pokusím se ho dát do <b class=\"important\">oblouku.</b> Je to sice metoda pokus-omyl, ale lepší možnost v tuhle chvíli nemám.', '<div id=\"autumn-2\">E9 – K5 – K10 – D7 – B9 – I4</div>', '[\"B10-D9\",\"D9-E4\",\"E4-I5\",\"I5-K7\",\"K7-K9\"]', '{\r\n    \"stars\": [\r\n        {\r\n            \"posX\": 82,\r\n            \"posY\": 522,\r\n            \"labelX\": \"B\",\r\n            \"labelY\": \"10\"\r\n        },\r\n        {\r\n            \"posX\": 192,\r\n            \"posY\": 467,\r\n            \"labelX\": \"D\",\r\n            \"labelY\": \"9\"\r\n        },\r\n        {\r\n            \"posX\": 247,\r\n            \"posY\": 192,\r\n            \"labelX\": \"E\",\r\n            \"labelY\": \"4\"\r\n        },\r\n        {\r\n            \"posX\": 467,\r\n            \"posY\": 247,\r\n            \"labelX\": \"I\",\r\n            \"labelY\": \"5\"\r\n        },\r\n        {\r\n            \"posX\": 577,\r\n            \"posY\": 357,\r\n            \"labelX\": \"K\",\r\n            \"labelY\": \"7\"\r\n        },\r\n        {\r\n            \"posX\": 577,\r\n            \"posY\": 467,\r\n            \"labelX\": \"K\",\r\n            \"labelY\": \"9\"\r\n        }\r\n    ],\r\n    \"connections\": [\r\n        {\r\n            \"stars\": [\r\n                {\r\n                    \"posX\": 82,\r\n                    \"posY\": 522,\r\n                    \"labelX\": \"B\",\r\n                    \"labelY\": \"10\"\r\n                },\r\n                {\r\n                    \"posX\": 192,\r\n                    \"posY\": 467,\r\n                    \"labelX\": \"D\",\r\n                    \"labelY\": \"9\"\r\n                }\r\n            ]\r\n        },\r\n        {\r\n            \"stars\": [\r\n                {\r\n                    \"posX\": 192,\r\n                    \"posY\": 467,\r\n                    \"labelX\": \"D\",\r\n                    \"labelY\": \"9\"\r\n                },\r\n                {\r\n                    \"posX\": 247,\r\n                    \"posY\": 192,\r\n                    \"labelX\": \"E\",\r\n                    \"labelY\": \"4\"\r\n                }\r\n            ]\r\n        },\r\n        {\r\n            \"stars\": [\r\n                {\r\n                    \"posX\": 247,\r\n                    \"posY\": 192,\r\n                    \"labelX\": \"E\",\r\n                    \"labelY\": \"4\"\r\n                },\r\n                {\r\n                    \"posX\": 467,\r\n                    \"posY\": 247,\r\n                    \"labelX\": \"I\",\r\n                    \"labelY\": \"5\"\r\n                }\r\n            ]\r\n        },\r\n        {\r\n            \"stars\": [\r\n                {\r\n                    \"posX\": 467,\r\n                    \"posY\": 247,\r\n                    \"labelX\": \"I\",\r\n                    \"labelY\": \"5\"\r\n                },\r\n                {\r\n                    \"posX\": 577,\r\n                    \"posY\": 357,\r\n                    \"labelX\": \"K\",\r\n                    \"labelY\": \"7\"\r\n                }\r\n            ]\r\n        },\r\n        {\r\n            \"stars\": [\r\n                {\r\n                    \"posX\": 577,\r\n                    \"posY\": 357,\r\n                    \"labelX\": \"K\",\r\n                    \"labelY\": \"7\"\r\n                },\r\n                {\r\n                    \"posX\": 577,\r\n                    \"posY\": 467,\r\n                    \"labelX\": \"K\",\r\n                    \"labelY\": \"9\"\r\n                }\r\n            ]\r\n        }\r\n    ]\r\n}', 3, 1, 1),
(15, '1cf87', 'Fénix', 'autumn/phoenix.png', 'Nemám pochyby, podzimní obloha si se mnou skutečně zahrává. Po <b class=\"important\">osmi</b> hodinách pozorování se moje zápisky a samotná hvězdná <b class=\"important\">soustava</b> vůbec neshodují. Úplně se změnila! Ale jak to? Vždyť to nedává smysl. Nebo že by mě mátly moje smysly? Ať je to, co je to, jednou na to přijdu... určitě. Teď se ale musím znovu uchýlit k <b class=\"important\">nesprávnému</b> přepisu, naštěstí mám způsob jak je <b class=\"important\">převést</b> zpět, až je budu potřebovat. Moje cifry jsou i šifry! Snad to nezabere <b class=\"important\">dvakrát</b> tolik času...', '<div id=\"autumn-3\">103 61 60 55 103 64 55 106 67 55 106 61 63 55 111 61 64 55 116 67 55 113 63 55 106 67</div>', '[\"C4-C10\",\"C4-F7\",\"F13-I14\",\"F7-F13\",\"F7-K3\",\"I14-N7\",\"K3-N7\"]', '{\r\n    \"stars\": [\r\n        {\r\n            \"posX\": 432.625,\r\n            \"posY\": 102.625,\r\n            \"labelX\": \"K\",\r\n            \"labelY\": \"3\"\r\n        },\r\n        {\r\n            \"posX\": 556.375,\r\n            \"posY\": 267.625,\r\n            \"labelX\": \"N\",\r\n            \"labelY\": \"7\"\r\n        },\r\n        {\r\n            \"posX\": 350.125,\r\n            \"posY\": 556.375,\r\n            \"labelX\": \"I\",\r\n            \"labelY\": \"14\"\r\n        },\r\n        {\r\n            \"posX\": 226.375,\r\n            \"posY\": 515.125,\r\n            \"labelX\": \"F\",\r\n            \"labelY\": \"13\"\r\n        },\r\n        {\r\n            \"posX\": 102.625,\r\n            \"posY\": 143.875,\r\n            \"labelX\": \"C\",\r\n            \"labelY\": \"4\"\r\n        },\r\n        {\r\n            \"posX\": 226.375,\r\n            \"posY\": 267.625,\r\n            \"labelX\": \"F\",\r\n            \"labelY\": \"7\"\r\n        },\r\n        {\r\n            \"posX\": 102.625,\r\n            \"posY\": 391.375,\r\n            \"labelX\": \"C\",\r\n            \"labelY\": \"10\"\r\n        }\r\n    ],\r\n    \"connections\": [\r\n        {\r\n            \"stars\": [\r\n                {\r\n                    \"posX\": 102.625,\r\n                    \"posY\": 143.875,\r\n                    \"labelX\": \"C\",\r\n                    \"labelY\": \"4\"\r\n                },\r\n                {\r\n                    \"posX\": 102.625,\r\n                    \"posY\": 391.375,\r\n                    \"labelX\": \"C\",\r\n                    \"labelY\": \"10\"\r\n                }\r\n            ]\r\n        },\r\n        {\r\n            \"stars\": [\r\n                {\r\n                    \"posX\": 102.625,\r\n                    \"posY\": 143.875,\r\n                    \"labelX\": \"C\",\r\n                    \"labelY\": \"4\"\r\n                },\r\n                {\r\n                    \"posX\": 226.375,\r\n                    \"posY\": 267.625,\r\n                    \"labelX\": \"F\",\r\n                    \"labelY\": \"7\"\r\n                }\r\n            ]\r\n        },\r\n        {\r\n            \"stars\": [\r\n                {\r\n                    \"posX\": 226.375,\r\n                    \"posY\": 267.625,\r\n                    \"labelX\": \"F\",\r\n                    \"labelY\": \"7\"\r\n                },\r\n                {\r\n                    \"posX\": 432.625,\r\n                    \"posY\": 102.625,\r\n                    \"labelX\": \"K\",\r\n                    \"labelY\": \"3\"\r\n                }\r\n            ]\r\n        },\r\n        {\r\n            \"stars\": [\r\n                {\r\n                    \"posX\": 432.625,\r\n                    \"posY\": 102.625,\r\n                    \"labelX\": \"K\",\r\n                    \"labelY\": \"3\"\r\n                },\r\n                {\r\n                    \"posX\": 556.375,\r\n                    \"posY\": 267.625,\r\n                    \"labelX\": \"N\",\r\n                    \"labelY\": \"7\"\r\n                }\r\n            ]\r\n        },\r\n        {\r\n            \"stars\": [\r\n                {\r\n                    \"posX\": 350.125,\r\n                    \"posY\": 556.375,\r\n                    \"labelX\": \"I\",\r\n                    \"labelY\": \"14\"\r\n                },\r\n                {\r\n                    \"posX\": 556.375,\r\n                    \"posY\": 267.625,\r\n                    \"labelX\": \"N\",\r\n                    \"labelY\": \"7\"\r\n                }\r\n            ]\r\n        },\r\n        {\r\n            \"stars\": [\r\n                {\r\n                    \"posX\": 226.375,\r\n                    \"posY\": 515.125,\r\n                    \"labelX\": \"F\",\r\n                    \"labelY\": \"13\"\r\n                },\r\n                {\r\n                    \"posX\": 350.125,\r\n                    \"posY\": 556.375,\r\n                    \"labelX\": \"I\",\r\n                    \"labelY\": \"14\"\r\n                }\r\n            ]\r\n        },\r\n        {\r\n            \"stars\": [\r\n                {\r\n                    \"posX\": 226.375,\r\n                    \"posY\": 267.625,\r\n                    \"labelX\": \"F\",\r\n                    \"labelY\": \"7\"\r\n                },\r\n                {\r\n                    \"posX\": 226.375,\r\n                    \"posY\": 515.125,\r\n                    \"labelX\": \"F\",\r\n                    \"labelY\": \"13\"\r\n                }\r\n            ]\r\n        }\r\n    ]\r\n}', 3, 1, 2),
(16, 'bfad8', 'Ještěrka', 'autumn/lacerta.png', 'Záhadné změny na noční obloze stále pokračují a nedávají mi spát. Pozoruji je už <b class=\"important\">třicet dva</b> dní a pořád nevím, co je způsobuje, ovšem mám teorie. Jsou celkem šílené, jelikož je jejich <b class=\"important\">základ</b> postavený na nadpřirozeném. Realističtější odpověď bude pravděpodobně něco, co ty hvězdy <b class=\"important\">nahrazuje,</b> buď jiné objekty, nebo samotná temnota. Nicméně mi to způsobuje potíže při zaznamenávání a obávám se, že tímto tempem mi to potrvá ještě <b class=\"important\">dvakrát</b> tolik dní.', '<div id=\"autumn-4\"><p>EMVC2JWDW4WUBQ4XFURSCLPCQKWCKLJEFMVS3Q47FMXS3QVHFPBZO===</p><p>IzpHICY6RiBAOkkg4oKsOkogJDpIIMOfOkwgwqc6SyArOjEgKjoyIC86MyDDtzo0IMOXOjUgITo3ICU6OA==</p></div>', '[\"F4-G2\",\"F4-I5\",\"G7-I5\",\"G7-J8\",\"H11-J8\",\"H11-L13\",\"K15-L13\"]', '{\r\n    \"stars\": [\r\n        {\r\n            \"posX\": 267.625,\r\n            \"posY\": 61.375,\r\n            \"labelX\": \"G\",\r\n            \"labelY\": \"2\"\r\n        },\r\n        {\r\n            \"posX\": 226.375,\r\n            \"posY\": 143.875,\r\n            \"labelX\": \"F\",\r\n            \"labelY\": \"4\"\r\n        },\r\n        {\r\n            \"posX\": 350.125,\r\n            \"posY\": 185.125,\r\n            \"labelX\": \"I\",\r\n            \"labelY\": \"5\"\r\n        },\r\n        {\r\n            \"posX\": 267.625,\r\n            \"posY\": 267.625,\r\n            \"labelX\": \"G\",\r\n            \"labelY\": \"7\"\r\n        },\r\n        {\r\n            \"posX\": 391.375,\r\n            \"posY\": 308.875,\r\n            \"labelX\": \"J\",\r\n            \"labelY\": \"8\"\r\n        },\r\n        {\r\n            \"posX\": 308.875,\r\n            \"posY\": 432.625,\r\n            \"labelX\": \"H\",\r\n            \"labelY\": \"11\"\r\n        },\r\n        {\r\n            \"posX\": 473.875,\r\n            \"posY\": 515.125,\r\n            \"labelX\": \"L\",\r\n            \"labelY\": \"13\"\r\n        },\r\n        {\r\n            \"posX\": 432.625,\r\n            \"posY\": 597.625,\r\n            \"labelX\": \"K\",\r\n            \"labelY\": \"15\"\r\n        }\r\n    ],\r\n    \"connections\": [\r\n        {\r\n            \"stars\": [\r\n                {\r\n                    \"posX\": 226.375,\r\n                    \"posY\": 143.875,\r\n                    \"labelX\": \"F\",\r\n                    \"labelY\": \"4\"\r\n                },\r\n                {\r\n                    \"posX\": 267.625,\r\n                    \"posY\": 61.375,\r\n                    \"labelX\": \"G\",\r\n                    \"labelY\": \"2\"\r\n                }\r\n            ]\r\n        },\r\n        {\r\n            \"stars\": [\r\n                {\r\n                    \"posX\": 226.375,\r\n                    \"posY\": 143.875,\r\n                    \"labelX\": \"F\",\r\n                    \"labelY\": \"4\"\r\n                },\r\n                {\r\n                    \"posX\": 350.125,\r\n                    \"posY\": 185.125,\r\n                    \"labelX\": \"I\",\r\n                    \"labelY\": \"5\"\r\n                }\r\n            ]\r\n        },\r\n        {\r\n            \"stars\": [\r\n                {\r\n                    \"posX\": 267.625,\r\n                    \"posY\": 267.625,\r\n                    \"labelX\": \"G\",\r\n                    \"labelY\": \"7\"\r\n                },\r\n                {\r\n                    \"posX\": 350.125,\r\n                    \"posY\": 185.125,\r\n                    \"labelX\": \"I\",\r\n                    \"labelY\": \"5\"\r\n                }\r\n            ]\r\n        },\r\n        {\r\n            \"stars\": [\r\n                {\r\n                    \"posX\": 267.625,\r\n                    \"posY\": 267.625,\r\n                    \"labelX\": \"G\",\r\n                    \"labelY\": \"7\"\r\n                },\r\n                {\r\n                    \"posX\": 391.375,\r\n                    \"posY\": 308.875,\r\n                    \"labelX\": \"J\",\r\n                    \"labelY\": \"8\"\r\n                }\r\n            ]\r\n        },\r\n        {\r\n            \"stars\": [\r\n                {\r\n                    \"posX\": 308.875,\r\n                    \"posY\": 432.625,\r\n                    \"labelX\": \"H\",\r\n                    \"labelY\": \"11\"\r\n                },\r\n                {\r\n                    \"posX\": 391.375,\r\n                    \"posY\": 308.875,\r\n                    \"labelX\": \"J\",\r\n                    \"labelY\": \"8\"\r\n                }\r\n            ]\r\n        },\r\n        {\r\n            \"stars\": [\r\n                {\r\n                    \"posX\": 308.875,\r\n                    \"posY\": 432.625,\r\n                    \"labelX\": \"H\",\r\n                    \"labelY\": \"11\"\r\n                },\r\n                {\r\n                    \"posX\": 473.875,\r\n                    \"posY\": 515.125,\r\n                    \"labelX\": \"L\",\r\n                    \"labelY\": \"13\"\r\n                }\r\n            ]\r\n        },\r\n        {\r\n            \"stars\": [\r\n                {\r\n                    \"posX\": 432.625,\r\n                    \"posY\": 597.625,\r\n                    \"labelX\": \"K\",\r\n                    \"labelY\": \"15\"\r\n                },\r\n                {\r\n                    \"posX\": 473.875,\r\n                    \"posY\": 515.125,\r\n                    \"labelX\": \"L\",\r\n                    \"labelY\": \"13\"\r\n                }\r\n            ]\r\n        }\r\n    ]\r\n}', 3, 1, 2),
(17, 'd2229', 'Ryby', 'autumn/pisces.png', 'Přišel jsem na to! Jsou to planety, které zakrývají nebo odrážejí světlo od svých hvězd, stejně jako naše <b class=\"important\">ostatní kamenné planety.</b> Schválně jestli jsou také pěkně <b class=\"important\">v řadě</b> za sebou, ale nevidím důvod proč by nebyly. Měl bych je pojmenovat, jako odkaz pro další pozorovatele. Už jsem dokonce přišel na dvě jména: <b class=\"important\">Vulivars</b> a <b class=\"important\">Arispedy.</b> Jsem tak rád, že jsem na tuhle záhadu přišel. Klíčem bylo, jak se říká, <b class=\"important\">přes obtíže ke hvězdám!</b>', '<img id=\"autumn-5\" src=\"/images/puzzles/mřížky samé mřížky.png\">', '[\"B17-H15\",\"B17-I9\",\"G6-I3\",\"G6-I9\",\"H15-O16\",\"O16-O18\",\"O16-Q15\",\"O18-R18\",\"Q15-S16\",\"R18-S16\"]', '{\r\n    \"stars\": [\r\n        {\r\n            \"posX\": 280,\r\n            \"posY\": 280,\r\n            \"labelX\": \"I\",\r\n            \"labelY\": \"9\"\r\n        },\r\n        {\r\n            \"posX\": 280,\r\n            \"posY\": 82,\r\n            \"labelX\": \"I\",\r\n            \"labelY\": \"3\"\r\n        },\r\n        {\r\n            \"posX\": 214,\r\n            \"posY\": 181,\r\n            \"labelX\": \"G\",\r\n            \"labelY\": \"6\"\r\n        },\r\n        {\r\n            \"posX\": 49,\r\n            \"posY\": 544,\r\n            \"labelX\": \"B\",\r\n            \"labelY\": \"17\"\r\n        },\r\n        {\r\n            \"posX\": 247,\r\n            \"posY\": 478,\r\n            \"labelX\": \"H\",\r\n            \"labelY\": \"15\"\r\n        },\r\n        {\r\n            \"posX\": 478,\r\n            \"posY\": 511,\r\n            \"labelX\": \"O\",\r\n            \"labelY\": \"16\"\r\n        },\r\n        {\r\n            \"posX\": 544,\r\n            \"posY\": 478,\r\n            \"labelX\": \"Q\",\r\n            \"labelY\": \"15\"\r\n        },\r\n        {\r\n            \"posX\": 610,\r\n            \"posY\": 511,\r\n            \"labelX\": \"S\",\r\n            \"labelY\": \"16\"\r\n        },\r\n        {\r\n            \"posX\": 577,\r\n            \"posY\": 577,\r\n            \"labelX\": \"R\",\r\n            \"labelY\": \"18\"\r\n        },\r\n        {\r\n            \"posX\": 478,\r\n            \"posY\": 577,\r\n            \"labelX\": \"O\",\r\n            \"labelY\": \"18\"\r\n        }\r\n    ],\r\n    \"connections\": [\r\n        {\r\n            \"stars\": [\r\n                {\r\n                    \"posX\": 214,\r\n                    \"posY\": 181,\r\n                    \"labelX\": \"G\",\r\n                    \"labelY\": \"6\"\r\n                },\r\n                {\r\n                    \"posX\": 280,\r\n                    \"posY\": 82,\r\n                    \"labelX\": \"I\",\r\n                    \"labelY\": \"3\"\r\n                }\r\n            ]\r\n        },\r\n        {\r\n            \"stars\": [\r\n                {\r\n                    \"posX\": 214,\r\n                    \"posY\": 181,\r\n                    \"labelX\": \"G\",\r\n                    \"labelY\": \"6\"\r\n                },\r\n                {\r\n                    \"posX\": 280,\r\n                    \"posY\": 280,\r\n                    \"labelX\": \"I\",\r\n                    \"labelY\": \"9\"\r\n                }\r\n            ]\r\n        },\r\n        {\r\n            \"stars\": [\r\n                {\r\n                    \"posX\": 49,\r\n                    \"posY\": 544,\r\n                    \"labelX\": \"B\",\r\n                    \"labelY\": \"17\"\r\n                },\r\n                {\r\n                    \"posX\": 280,\r\n                    \"posY\": 280,\r\n                    \"labelX\": \"I\",\r\n                    \"labelY\": \"9\"\r\n                }\r\n            ]\r\n        },\r\n        {\r\n            \"stars\": [\r\n                {\r\n                    \"posX\": 49,\r\n                    \"posY\": 544,\r\n                    \"labelX\": \"B\",\r\n                    \"labelY\": \"17\"\r\n                },\r\n                {\r\n                    \"posX\": 247,\r\n                    \"posY\": 478,\r\n                    \"labelX\": \"H\",\r\n                    \"labelY\": \"15\"\r\n                }\r\n            ]\r\n        },\r\n        {\r\n            \"stars\": [\r\n                {\r\n                    \"posX\": 247,\r\n                    \"posY\": 478,\r\n                    \"labelX\": \"H\",\r\n                    \"labelY\": \"15\"\r\n                },\r\n                {\r\n                    \"posX\": 478,\r\n                    \"posY\": 511,\r\n                    \"labelX\": \"O\",\r\n                    \"labelY\": \"16\"\r\n                }\r\n            ]\r\n        },\r\n        {\r\n            \"stars\": [\r\n                {\r\n                    \"posX\": 478,\r\n                    \"posY\": 511,\r\n                    \"labelX\": \"O\",\r\n                    \"labelY\": \"16\"\r\n                },\r\n                {\r\n                    \"posX\": 478,\r\n                    \"posY\": 577,\r\n                    \"labelX\": \"O\",\r\n                    \"labelY\": \"18\"\r\n                }\r\n            ]\r\n        },\r\n        {\r\n            \"stars\": [\r\n                {\r\n                    \"posX\": 478,\r\n                    \"posY\": 577,\r\n                    \"labelX\": \"O\",\r\n                    \"labelY\": \"18\"\r\n                },\r\n                {\r\n                    \"posX\": 577,\r\n                    \"posY\": 577,\r\n                    \"labelX\": \"R\",\r\n                    \"labelY\": \"18\"\r\n                }\r\n            ]\r\n        },\r\n        {\r\n            \"stars\": [\r\n                {\r\n                    \"posX\": 577,\r\n                    \"posY\": 577,\r\n                    \"labelX\": \"R\",\r\n                    \"labelY\": \"18\"\r\n                },\r\n                {\r\n                    \"posX\": 610,\r\n                    \"posY\": 511,\r\n                    \"labelX\": \"S\",\r\n                    \"labelY\": \"16\"\r\n                }\r\n            ]\r\n        },\r\n        {\r\n            \"stars\": [\r\n                {\r\n                    \"posX\": 544,\r\n                    \"posY\": 478,\r\n                    \"labelX\": \"Q\",\r\n                    \"labelY\": \"15\"\r\n                },\r\n                {\r\n                    \"posX\": 610,\r\n                    \"posY\": 511,\r\n                    \"labelX\": \"S\",\r\n                    \"labelY\": \"16\"\r\n                }\r\n            ]\r\n        },\r\n        {\r\n            \"stars\": [\r\n                {\r\n                    \"posX\": 478,\r\n                    \"posY\": 511,\r\n                    \"labelX\": \"O\",\r\n                    \"labelY\": \"16\"\r\n                },\r\n                {\r\n                    \"posX\": 544,\r\n                    \"posY\": 478,\r\n                    \"labelX\": \"Q\",\r\n                    \"labelY\": \"15\"\r\n                }\r\n            ]\r\n        }\r\n    ]\r\n}', 3, 1, 3);
INSERT INTO `puzzles` (`id`, `puzzleID`, `name`, `image`, `flavorText`, `content`, `coordCheck`, `constellationData`, `puzzleSeason`, `puzzleState`, `difficulty`) VALUES
(18, '23c49', 'Vodnář', 'autumn/aquarius.png', 'Teď když znám podstatu této záhady, dokážu správně určit pozice hvězd i <b class=\"important\">poslepu!</b> No, dobrá, to přeháním, ale objevil jsem v tom systém. Je to docela prosté, stačí, abych si vše zapisoval <b class=\"important\">do sloupců</b> a výsledek četl <b class=\"important\">po řádcích.</b> Rozměry výsledných tabulek budou vždy různé, ale zároveň to zatím vždy byly <b class=\"important\">činitelé celkové délky</b> mých zápisků. A pro lepší čitelnost je rozumné mít <b class=\"important\">řádky delší</b> než sloupce. Ano, je to trošku zdlouhavý proces, ale osvědčil se, a to mi postačí.', '<div id=\"autumn-6\">⠠⠼⠙⠠⠍⠙⠤⠛⠼⠤⠠⠼⠙⠠⠚⠁⠤⠇⠼⠚⠠⠼⠋⠤⠏⠊⠤⠠⠼⠤⠠⠓⠋⠠⠓⠼⠤⠝⠼⠁⠠⠼⠑⠙⠎⠁⠤⠤⠼⠉⠠⠠⠛⠂⠉⠙⠂⠠⠼⠼⠠⠍⠓⠁⠍⠼⠤⠛</div>', '[\"C8-G10\",\"C8-H5\",\"D17-H14\",\"G10-H14\",\"H5-J6\",\"J6-M4\",\"L9-M4\",\"L9-N13\",\"M4-P6\",\"P6-S7\"]', '{\r\n    \"stars\": [\r\n        {\r\n            \"posX\": 115,\r\n            \"posY\": 544,\r\n            \"labelX\": \"D\",\r\n            \"labelY\": \"17\"\r\n        },\r\n        {\r\n            \"posX\": 247,\r\n            \"posY\": 445,\r\n            \"labelX\": \"H\",\r\n            \"labelY\": \"14\"\r\n        },\r\n        {\r\n            \"posX\": 214,\r\n            \"posY\": 313,\r\n            \"labelX\": \"G\",\r\n            \"labelY\": \"10\"\r\n        },\r\n        {\r\n            \"posX\": 82,\r\n            \"posY\": 247,\r\n            \"labelX\": \"C\",\r\n            \"labelY\": \"8\"\r\n        },\r\n        {\r\n            \"posX\": 247,\r\n            \"posY\": 148,\r\n            \"labelX\": \"H\",\r\n            \"labelY\": \"5\"\r\n        },\r\n        {\r\n            \"posX\": 313,\r\n            \"posY\": 181,\r\n            \"labelX\": \"J\",\r\n            \"labelY\": \"6\"\r\n        },\r\n        {\r\n            \"posX\": 412,\r\n            \"posY\": 115,\r\n            \"labelX\": \"M\",\r\n            \"labelY\": \"4\"\r\n        },\r\n        {\r\n            \"posX\": 511,\r\n            \"posY\": 181,\r\n            \"labelX\": \"P\",\r\n            \"labelY\": \"6\"\r\n        },\r\n        {\r\n            \"posX\": 610,\r\n            \"posY\": 214,\r\n            \"labelX\": \"S\",\r\n            \"labelY\": \"7\"\r\n        },\r\n        {\r\n            \"posX\": 379,\r\n            \"posY\": 280,\r\n            \"labelX\": \"L\",\r\n            \"labelY\": \"9\"\r\n        },\r\n        {\r\n            \"posX\": 445,\r\n            \"posY\": 412,\r\n            \"labelX\": \"N\",\r\n            \"labelY\": \"13\"\r\n        }\r\n    ],\r\n    \"connections\": [\r\n        {\r\n            \"stars\": [\r\n                {\r\n                    \"posX\": 115,\r\n                    \"posY\": 544,\r\n                    \"labelX\": \"D\",\r\n                    \"labelY\": \"17\"\r\n                },\r\n                {\r\n                    \"posX\": 247,\r\n                    \"posY\": 445,\r\n                    \"labelX\": \"H\",\r\n                    \"labelY\": \"14\"\r\n                }\r\n            ]\r\n        },\r\n        {\r\n            \"stars\": [\r\n                {\r\n                    \"posX\": 214,\r\n                    \"posY\": 313,\r\n                    \"labelX\": \"G\",\r\n                    \"labelY\": \"10\"\r\n                },\r\n                {\r\n                    \"posX\": 247,\r\n                    \"posY\": 445,\r\n                    \"labelX\": \"H\",\r\n                    \"labelY\": \"14\"\r\n                }\r\n            ]\r\n        },\r\n        {\r\n            \"stars\": [\r\n                {\r\n                    \"posX\": 82,\r\n                    \"posY\": 247,\r\n                    \"labelX\": \"C\",\r\n                    \"labelY\": \"8\"\r\n                },\r\n                {\r\n                    \"posX\": 214,\r\n                    \"posY\": 313,\r\n                    \"labelX\": \"G\",\r\n                    \"labelY\": \"10\"\r\n                }\r\n            ]\r\n        },\r\n        {\r\n            \"stars\": [\r\n                {\r\n                    \"posX\": 82,\r\n                    \"posY\": 247,\r\n                    \"labelX\": \"C\",\r\n                    \"labelY\": \"8\"\r\n                },\r\n                {\r\n                    \"posX\": 247,\r\n                    \"posY\": 148,\r\n                    \"labelX\": \"H\",\r\n                    \"labelY\": \"5\"\r\n                }\r\n            ]\r\n        },\r\n        {\r\n            \"stars\": [\r\n                {\r\n                    \"posX\": 247,\r\n                    \"posY\": 148,\r\n                    \"labelX\": \"H\",\r\n                    \"labelY\": \"5\"\r\n                },\r\n                {\r\n                    \"posX\": 313,\r\n                    \"posY\": 181,\r\n                    \"labelX\": \"J\",\r\n                    \"labelY\": \"6\"\r\n                }\r\n            ]\r\n        },\r\n        {\r\n            \"stars\": [\r\n                {\r\n                    \"posX\": 313,\r\n                    \"posY\": 181,\r\n                    \"labelX\": \"J\",\r\n                    \"labelY\": \"6\"\r\n                },\r\n                {\r\n                    \"posX\": 412,\r\n                    \"posY\": 115,\r\n                    \"labelX\": \"M\",\r\n                    \"labelY\": \"4\"\r\n                }\r\n            ]\r\n        },\r\n        {\r\n            \"stars\": [\r\n                {\r\n                    \"posX\": 412,\r\n                    \"posY\": 115,\r\n                    \"labelX\": \"M\",\r\n                    \"labelY\": \"4\"\r\n                },\r\n                {\r\n                    \"posX\": 511,\r\n                    \"posY\": 181,\r\n                    \"labelX\": \"P\",\r\n                    \"labelY\": \"6\"\r\n                }\r\n            ]\r\n        },\r\n        {\r\n            \"stars\": [\r\n                {\r\n                    \"posX\": 511,\r\n                    \"posY\": 181,\r\n                    \"labelX\": \"P\",\r\n                    \"labelY\": \"6\"\r\n                },\r\n                {\r\n                    \"posX\": 610,\r\n                    \"posY\": 214,\r\n                    \"labelX\": \"S\",\r\n                    \"labelY\": \"7\"\r\n                }\r\n            ]\r\n        },\r\n        {\r\n            \"stars\": [\r\n                {\r\n                    \"posX\": 379,\r\n                    \"posY\": 280,\r\n                    \"labelX\": \"L\",\r\n                    \"labelY\": \"9\"\r\n                },\r\n                {\r\n                    \"posX\": 412,\r\n                    \"posY\": 115,\r\n                    \"labelX\": \"M\",\r\n                    \"labelY\": \"4\"\r\n                }\r\n            ]\r\n        },\r\n        {\r\n            \"stars\": [\r\n                {\r\n                    \"posX\": 379,\r\n                    \"posY\": 280,\r\n                    \"labelX\": \"L\",\r\n                    \"labelY\": \"9\"\r\n                },\r\n                {\r\n                    \"posX\": 445,\r\n                    \"posY\": 412,\r\n                    \"labelX\": \"N\",\r\n                    \"labelY\": \"13\"\r\n                }\r\n            ]\r\n        }\r\n    ]\r\n}', 3, 1, 3),
(19, 'b5fc2', 'Hodiny', 'winter/horologium.png', 'Všechno něčím <b class=\"important\">začíná.</b> A bohužel pro mě, zima začíná chladem, který nemám zrovna v oblibě. Zimy proto trávím doma v teple, tak snad ta letošní nebude tak <b class=\"important\">dlouhá,</b> abych se mohl co nejdříve vrátit k pozorování. To ale neznamená, že nedokážu ocenit její krásu. Například sněhové vločky jsou zajímavé. Žádné dvě nejsou stejné, ale přesto <b class=\"important\">sdílejí vzory,</b> jako by jednou byly <b class=\"important\">spojené</b> a pak se od sebe odtrhly. Ale zpět k práci, v zimě mám alespoň čas si více prostudovat své knihy.', '<div id=\"winter-1\"><span>CH</span><span>Jupiter</span>\r\n<span>Héliosférní</span><span>Hypernova</span><span>Iris</span></div>', '[\"C2-I4\",\"H9-H11\",\"H9-J7\",\"I4-J7\"]', '{\r\n    \"stars\": [\r\n        {\r\n            \"posX\": 137,\r\n            \"posY\": 82,\r\n            \"labelX\": \"C\",\r\n            \"labelY\": \"2\"\r\n        },\r\n        {\r\n            \"posX\": 467,\r\n            \"posY\": 192,\r\n            \"labelX\": \"I\",\r\n            \"labelY\": \"4\"\r\n        },\r\n        {\r\n            \"posX\": 522,\r\n            \"posY\": 357,\r\n            \"labelX\": \"J\",\r\n            \"labelY\": \"7\"\r\n        },\r\n        {\r\n            \"posX\": 412,\r\n            \"posY\": 467,\r\n            \"labelX\": \"H\",\r\n            \"labelY\": \"9\"\r\n        },\r\n        {\r\n            \"posX\": 412,\r\n            \"posY\": 577,\r\n            \"labelX\": \"H\",\r\n            \"labelY\": \"11\"\r\n        }\r\n    ],\r\n    \"connections\": [\r\n        {\r\n            \"stars\": [\r\n                {\r\n                    \"posX\": 137,\r\n                    \"posY\": 82,\r\n                    \"labelX\": \"C\",\r\n                    \"labelY\": \"2\"\r\n                },\r\n                {\r\n                    \"posX\": 467,\r\n                    \"posY\": 192,\r\n                    \"labelX\": \"I\",\r\n                    \"labelY\": \"4\"\r\n                }\r\n            ]\r\n        },\r\n        {\r\n            \"stars\": [\r\n                {\r\n                    \"posX\": 467,\r\n                    \"posY\": 192,\r\n                    \"labelX\": \"I\",\r\n                    \"labelY\": \"4\"\r\n                },\r\n                {\r\n                    \"posX\": 522,\r\n                    \"posY\": 357,\r\n                    \"labelX\": \"J\",\r\n                    \"labelY\": \"7\"\r\n                }\r\n            ]\r\n        },\r\n        {\r\n            \"stars\": [\r\n                {\r\n                    \"posX\": 412,\r\n                    \"posY\": 467,\r\n                    \"labelX\": \"H\",\r\n                    \"labelY\": \"9\"\r\n                },\r\n                {\r\n                    \"posX\": 522,\r\n                    \"posY\": 357,\r\n                    \"labelX\": \"J\",\r\n                    \"labelY\": \"7\"\r\n                }\r\n            ]\r\n        },\r\n        {\r\n            \"stars\": [\r\n                {\r\n                    \"posX\": 412,\r\n                    \"posY\": 467,\r\n                    \"labelX\": \"H\",\r\n                    \"labelY\": \"9\"\r\n                },\r\n                {\r\n                    \"posX\": 412,\r\n                    \"posY\": 577,\r\n                    \"labelX\": \"H\",\r\n                    \"labelY\": \"11\"\r\n                }\r\n            ]\r\n        }\r\n    ]\r\n}', 4, 2, 1),
(20, 'f894c', 'Mečoun', 'winter/dorado.png', 'Netuším, jak se mi to podařilo, ale včerejší výpisky jsem napsal <b class=\"important\">neviditelným inkoustem</b> místo normálního. Tím, co zmizí až úplně zaschne, takže jsem si to uvědomil až dnes. Teď si ale nevybavím, co jsem si vlastně napsal. Kdybych si ten inkoust nějak mohl <b class=\"important\">zvýraznit,</b> ušetřil bych dost času, jinak budu muset všechno znova vypisovat.', '<div id=\"winter-2\"><span>&lpar;K2&rpar;</span><span>&lsqb;&lpar;I5&rpar;&rsqb;</span><span>&lcub;&lsqb;F6&rsqb;&rcub;</span><span>/&lt;&lcub;D9&rcub;&gt;/</span><span>&lt;B10&gt;</span><span>/D11/</span>\r\n<span id=\"note\">Hmm, že by tu přece jen nic nebylo?</span></div>', '[\"B10-D9\",\"D9-D11\",\"D9-F6\",\"F6-I5\",\"I5-K2\"]', '{\r\n    \"stars\": [\r\n        {\r\n            \"posX\": 577,\r\n            \"posY\": 82,\r\n            \"labelX\": \"K\",\r\n            \"labelY\": \"2\"\r\n        },\r\n        {\r\n            \"posX\": 467,\r\n            \"posY\": 247,\r\n            \"labelX\": \"I\",\r\n            \"labelY\": \"5\"\r\n        },\r\n        {\r\n            \"posX\": 302,\r\n            \"posY\": 302,\r\n            \"labelX\": \"F\",\r\n            \"labelY\": \"6\"\r\n        },\r\n        {\r\n            \"posX\": 192,\r\n            \"posY\": 467,\r\n            \"labelX\": \"D\",\r\n            \"labelY\": \"9\"\r\n        },\r\n        {\r\n            \"posX\": 82,\r\n            \"posY\": 522,\r\n            \"labelX\": \"B\",\r\n            \"labelY\": \"10\"\r\n        },\r\n        {\r\n            \"posX\": 192,\r\n            \"posY\": 577,\r\n            \"labelX\": \"D\",\r\n            \"labelY\": \"11\"\r\n        }\r\n    ],\r\n    \"connections\": [\r\n        {\r\n            \"stars\": [\r\n                {\r\n                    \"posX\": 467,\r\n                    \"posY\": 247,\r\n                    \"labelX\": \"I\",\r\n                    \"labelY\": \"5\"\r\n                },\r\n                {\r\n                    \"posX\": 577,\r\n                    \"posY\": 82,\r\n                    \"labelX\": \"K\",\r\n                    \"labelY\": \"2\"\r\n                }\r\n            ]\r\n        },\r\n        {\r\n            \"stars\": [\r\n                {\r\n                    \"posX\": 302,\r\n                    \"posY\": 302,\r\n                    \"labelX\": \"F\",\r\n                    \"labelY\": \"6\"\r\n                },\r\n                {\r\n                    \"posX\": 467,\r\n                    \"posY\": 247,\r\n                    \"labelX\": \"I\",\r\n                    \"labelY\": \"5\"\r\n                }\r\n            ]\r\n        },\r\n        {\r\n            \"stars\": [\r\n                {\r\n                    \"posX\": 192,\r\n                    \"posY\": 467,\r\n                    \"labelX\": \"D\",\r\n                    \"labelY\": \"9\"\r\n                },\r\n                {\r\n                    \"posX\": 302,\r\n                    \"posY\": 302,\r\n                    \"labelX\": \"F\",\r\n                    \"labelY\": \"6\"\r\n                }\r\n            ]\r\n        },\r\n        {\r\n            \"stars\": [\r\n                {\r\n                    \"posX\": 82,\r\n                    \"posY\": 522,\r\n                    \"labelX\": \"B\",\r\n                    \"labelY\": \"10\"\r\n                },\r\n                {\r\n                    \"posX\": 192,\r\n                    \"posY\": 467,\r\n                    \"labelX\": \"D\",\r\n                    \"labelY\": \"9\"\r\n                }\r\n            ]\r\n        },\r\n        {\r\n            \"stars\": [\r\n                {\r\n                    \"posX\": 192,\r\n                    \"posY\": 467,\r\n                    \"labelX\": \"D\",\r\n                    \"labelY\": \"9\"\r\n                },\r\n                {\r\n                    \"posX\": 192,\r\n                    \"posY\": 577,\r\n                    \"labelX\": \"D\",\r\n                    \"labelY\": \"11\"\r\n                }\r\n            ]\r\n        }\r\n    ]\r\n}', 4, 1, 1),
(21, '7443d', 'Holubice', 'winter/columba.png', 'Většina mých knížek se zaměřuje na hvězdy, noční oblohu a spekulace okolo nich, ale mám k dispozici i další. Jedna taková se zabývá navigací za nepříznivých podmínek. Jedním z jejích tipů je <b class=\"important\">následovat směrovky.</b> To by jednoho nenapadlo, jenže stránka co by měla mít názorný příklad na vyzkoušení je prázdná, až na humorný <b class=\"important\">komentář</b> od předchozího majitele uprostřed ní. Každopádně je trefný. Co mám hledat, když tu nic není? Tenhle knižní <b class=\"important\">prvek</b> si zaslouží pořádnou <b class=\"important\">revizi.</b>', '<div id=\"winter-3\">\r\n<!-- C3 J10 F2 G6 M15 O11 D9 -->\r\n<!-- K7 B5 E12 L3 N8 D7 P4 -->\r\n<!-- H14 A13 G11 I7 J1 C7 L4 -->\r\n<!-- B2 D15 M8 K1 N6 F9 E5 -->\r\n<span id=\"note\">Číst mezi řádky? To by tu musely nějaké být...</span>\r\n<!-- •••↓••• -->\r\n<!-- •↦•••↖• -->\r\n<!-- ×••⇆••↙ -->\r\n<!-- ••••×•• -->\r\n</div>', '[\"B5-D7\",\"D7-G6\",\"G6-I7\",\"H14-I7\",\"I7-L4\",\"L4-N6\"]', '{\r\n    \"stars\": [\r\n        {\r\n            \"posX\": 556.375,\r\n            \"posY\": 226.375,\r\n            \"labelX\": \"N\",\r\n            \"labelY\": \"6\"\r\n        },\r\n        {\r\n            \"posX\": 350.125,\r\n            \"posY\": 267.625,\r\n            \"labelX\": \"I\",\r\n            \"labelY\": \"7\"\r\n        },\r\n        {\r\n            \"posX\": 473.875,\r\n            \"posY\": 143.875,\r\n            \"labelX\": \"L\",\r\n            \"labelY\": \"4\"\r\n        },\r\n        {\r\n            \"posX\": 267.625,\r\n            \"posY\": 226.375,\r\n            \"labelX\": \"G\",\r\n            \"labelY\": \"6\"\r\n        },\r\n        {\r\n            \"posX\": 143.875,\r\n            \"posY\": 267.625,\r\n            \"labelX\": \"D\",\r\n            \"labelY\": \"7\"\r\n        },\r\n        {\r\n            \"posX\": 61.375,\r\n            \"posY\": 185.125,\r\n            \"labelX\": \"B\",\r\n            \"labelY\": \"5\"\r\n        },\r\n        {\r\n            \"posX\": 308.875,\r\n            \"posY\": 556.375,\r\n            \"labelX\": \"H\",\r\n            \"labelY\": \"14\"\r\n        }\r\n    ],\r\n    \"connections\": [\r\n        {\r\n            \"stars\": [\r\n                {\r\n                    \"posX\": 473.875,\r\n                    \"posY\": 143.875,\r\n                    \"labelX\": \"L\",\r\n                    \"labelY\": \"4\"\r\n                },\r\n                {\r\n                    \"posX\": 556.375,\r\n                    \"posY\": 226.375,\r\n                    \"labelX\": \"N\",\r\n                    \"labelY\": \"6\"\r\n                }\r\n            ]\r\n        },\r\n        {\r\n            \"stars\": [\r\n                {\r\n                    \"posX\": 350.125,\r\n                    \"posY\": 267.625,\r\n                    \"labelX\": \"I\",\r\n                    \"labelY\": \"7\"\r\n                },\r\n                {\r\n                    \"posX\": 473.875,\r\n                    \"posY\": 143.875,\r\n                    \"labelX\": \"L\",\r\n                    \"labelY\": \"4\"\r\n                }\r\n            ]\r\n        },\r\n        {\r\n            \"stars\": [\r\n                {\r\n                    \"posX\": 267.625,\r\n                    \"posY\": 226.375,\r\n                    \"labelX\": \"G\",\r\n                    \"labelY\": \"6\"\r\n                },\r\n                {\r\n                    \"posX\": 350.125,\r\n                    \"posY\": 267.625,\r\n                    \"labelX\": \"I\",\r\n                    \"labelY\": \"7\"\r\n                }\r\n            ]\r\n        },\r\n        {\r\n            \"stars\": [\r\n                {\r\n                    \"posX\": 143.875,\r\n                    \"posY\": 267.625,\r\n                    \"labelX\": \"D\",\r\n                    \"labelY\": \"7\"\r\n                },\r\n                {\r\n                    \"posX\": 267.625,\r\n                    \"posY\": 226.375,\r\n                    \"labelX\": \"G\",\r\n                    \"labelY\": \"6\"\r\n                }\r\n            ]\r\n        },\r\n        {\r\n            \"stars\": [\r\n                {\r\n                    \"posX\": 61.375,\r\n                    \"posY\": 185.125,\r\n                    \"labelX\": \"B\",\r\n                    \"labelY\": \"5\"\r\n                },\r\n                {\r\n                    \"posX\": 143.875,\r\n                    \"posY\": 267.625,\r\n                    \"labelX\": \"D\",\r\n                    \"labelY\": \"7\"\r\n                }\r\n            ]\r\n        },\r\n        {\r\n            \"stars\": [\r\n                {\r\n                    \"posX\": 308.875,\r\n                    \"posY\": 556.375,\r\n                    \"labelX\": \"H\",\r\n                    \"labelY\": \"14\"\r\n                },\r\n                {\r\n                    \"posX\": 350.125,\r\n                    \"posY\": 267.625,\r\n                    \"labelX\": \"I\",\r\n                    \"labelY\": \"7\"\r\n                }\r\n            ]\r\n        }\r\n    ]\r\n}', 4, 1, 2),
(22, '6eec9', 'Zajíc', 'winter/lepus.png', 'Zdá se, že jezero poblíž mého domu zamrzlo. Škoda, když je nehybné, je úplně jako <b class=\"important\">zrcadlo,</b> a nádherně odráží hvězdy na nebi. Kdyby mi někdo ukázal tenhle <b class=\"important\">odraz hned vedle</b> samotného nebe, nepoznal bych rozdíl. Tak nádherné to je. Pod hladinou to také musí být pěkné, s tím jak voda láme světlo. Různé <b class=\"important\">části odrazu se tak navrství</b> a spojí do něčeho úplně nového. Jenže teď ani jedno neuvidím. Ale tak... na jaře to jezero zase roztaje. Teď bych ale měl pokračovat ve čtení.', '<img id=\"winter-4\" src=\"/images/puzzles/reflexe.png\">', '[\"B3-E4\",\"C12-E14\",\"E14-I12\",\"E4-H8\",\"H8-I12\",\"H8-N6\",\"I12-N14\"]', '{\r\n    \"stars\": [\r\n        {\r\n            \"posX\": 350.125,\r\n            \"posY\": 473.875,\r\n            \"labelX\": \"I\",\r\n            \"labelY\": \"12\"\r\n        },\r\n        {\r\n            \"posX\": 185.125,\r\n            \"posY\": 556.375,\r\n            \"labelX\": \"E\",\r\n            \"labelY\": \"14\"\r\n        },\r\n        {\r\n            \"posX\": 102.625,\r\n            \"posY\": 473.875,\r\n            \"labelX\": \"C\",\r\n            \"labelY\": \"12\"\r\n        },\r\n        {\r\n            \"posX\": 556.375,\r\n            \"posY\": 556.375,\r\n            \"labelX\": \"N\",\r\n            \"labelY\": \"14\"\r\n        },\r\n        {\r\n            \"posX\": 185.125,\r\n            \"posY\": 143.875,\r\n            \"labelX\": \"E\",\r\n            \"labelY\": \"4\"\r\n        },\r\n        {\r\n            \"posX\": 61.375,\r\n            \"posY\": 102.625,\r\n            \"labelX\": \"B\",\r\n            \"labelY\": \"3\"\r\n        },\r\n        {\r\n            \"posX\": 308.875,\r\n            \"posY\": 308.875,\r\n            \"labelX\": \"H\",\r\n            \"labelY\": \"8\"\r\n        },\r\n        {\r\n            \"posX\": 556.375,\r\n            \"posY\": 226.375,\r\n            \"labelX\": \"N\",\r\n            \"labelY\": \"6\"\r\n        }\r\n    ],\r\n    \"connections\": [\r\n        {\r\n            \"stars\": [\r\n                {\r\n                    \"posX\": 61.375,\r\n                    \"posY\": 102.625,\r\n                    \"labelX\": \"B\",\r\n                    \"labelY\": \"3\"\r\n                },\r\n                {\r\n                    \"posX\": 185.125,\r\n                    \"posY\": 143.875,\r\n                    \"labelX\": \"E\",\r\n                    \"labelY\": \"4\"\r\n                }\r\n            ]\r\n        },\r\n        {\r\n            \"stars\": [\r\n                {\r\n                    \"posX\": 185.125,\r\n                    \"posY\": 556.375,\r\n                    \"labelX\": \"E\",\r\n                    \"labelY\": \"14\"\r\n                },\r\n                {\r\n                    \"posX\": 350.125,\r\n                    \"posY\": 473.875,\r\n                    \"labelX\": \"I\",\r\n                    \"labelY\": \"12\"\r\n                }\r\n            ]\r\n        },\r\n        {\r\n            \"stars\": [\r\n                {\r\n                    \"posX\": 102.625,\r\n                    \"posY\": 473.875,\r\n                    \"labelX\": \"C\",\r\n                    \"labelY\": \"12\"\r\n                },\r\n                {\r\n                    \"posX\": 185.125,\r\n                    \"posY\": 556.375,\r\n                    \"labelX\": \"E\",\r\n                    \"labelY\": \"14\"\r\n                }\r\n            ]\r\n        },\r\n        {\r\n            \"stars\": [\r\n                {\r\n                    \"posX\": 350.125,\r\n                    \"posY\": 473.875,\r\n                    \"labelX\": \"I\",\r\n                    \"labelY\": \"12\"\r\n                },\r\n                {\r\n                    \"posX\": 556.375,\r\n                    \"posY\": 556.375,\r\n                    \"labelX\": \"N\",\r\n                    \"labelY\": \"14\"\r\n                }\r\n            ]\r\n        },\r\n        {\r\n            \"stars\": [\r\n                {\r\n                    \"posX\": 308.875,\r\n                    \"posY\": 308.875,\r\n                    \"labelX\": \"H\",\r\n                    \"labelY\": \"8\"\r\n                },\r\n                {\r\n                    \"posX\": 350.125,\r\n                    \"posY\": 473.875,\r\n                    \"labelX\": \"I\",\r\n                    \"labelY\": \"12\"\r\n                }\r\n            ]\r\n        },\r\n        {\r\n            \"stars\": [\r\n                {\r\n                    \"posX\": 308.875,\r\n                    \"posY\": 308.875,\r\n                    \"labelX\": \"H\",\r\n                    \"labelY\": \"8\"\r\n                },\r\n                {\r\n                    \"posX\": 556.375,\r\n                    \"posY\": 226.375,\r\n                    \"labelX\": \"N\",\r\n                    \"labelY\": \"6\"\r\n                }\r\n            ]\r\n        },\r\n        {\r\n            \"stars\": [\r\n                {\r\n                    \"posX\": 185.125,\r\n                    \"posY\": 143.875,\r\n                    \"labelX\": \"E\",\r\n                    \"labelY\": \"4\"\r\n                },\r\n                {\r\n                    \"posX\": 308.875,\r\n                    \"posY\": 308.875,\r\n                    \"labelX\": \"H\",\r\n                    \"labelY\": \"8\"\r\n                }\r\n            ]\r\n        }\r\n    ]\r\n}', 4, 1, 2),
(23, 'e6d69', 'Býk', 'winter/taurus.png', 'Už jsem přečetl hodně knížek, ale obsah téhle se mi nedaří <b class=\"important\">dát dohromady.</b> Každá kapitola se zdánlivě zabývá naprosto odlišnými věcmi. Jedna mluví o skrytých hvězdách na <b class=\"important\">opačné straně</b> Země. Další zmiňuje využití hvězd ke <b class=\"important\">zmapování</b> prostředí, a jiná zase naznačuje, že když budu dost dlouho <b class=\"important\">čekat,</b> tak mi hvězdy ukážou cestu. Upřímně je to celé docela chaotické, ale jestli je mezi tím vším nějaká spojitost, tak ji objevím.', '<div id=\"winter-5\"><div><img id=\"winter-5-1\" src=\"/images/puzzles/nejde to dohromady.png\"><img id=\"winter-5-2\" src=\"/images/puzzles/spojení.png\"></div></div>', '[\"B10-H13\",\"D5-H7\",\"H13-L14\",\"H7-K10\",\"K10-L14\",\"L14-O16\",\"O16-S17\"]', '{\r\n    \"stars\": [\r\n        {\r\n            \"posX\": 115,\r\n            \"posY\": 148,\r\n            \"labelX\": \"D\",\r\n            \"labelY\": \"5\"\r\n        },\r\n        {\r\n            \"posX\": 247,\r\n            \"posY\": 214,\r\n            \"labelX\": \"H\",\r\n            \"labelY\": \"7\"\r\n        },\r\n        {\r\n            \"posX\": 346,\r\n            \"posY\": 313,\r\n            \"labelX\": \"K\",\r\n            \"labelY\": \"10\"\r\n        },\r\n        {\r\n            \"posX\": 49,\r\n            \"posY\": 313,\r\n            \"labelX\": \"B\",\r\n            \"labelY\": \"10\"\r\n        },\r\n        {\r\n            \"posX\": 379,\r\n            \"posY\": 445,\r\n            \"labelX\": \"L\",\r\n            \"labelY\": \"14\"\r\n        },\r\n        {\r\n            \"posX\": 478,\r\n            \"posY\": 511,\r\n            \"labelX\": \"O\",\r\n            \"labelY\": \"16\"\r\n        },\r\n        {\r\n            \"posX\": 610,\r\n            \"posY\": 544,\r\n            \"labelX\": \"S\",\r\n            \"labelY\": \"17\"\r\n        },\r\n        {\r\n            \"posX\": 247,\r\n            \"posY\": 412,\r\n            \"labelX\": \"H\",\r\n            \"labelY\": \"13\"\r\n        }\r\n    ],\r\n    \"connections\": [\r\n        {\r\n            \"stars\": [\r\n                {\r\n                    \"posX\": 115,\r\n                    \"posY\": 148,\r\n                    \"labelX\": \"D\",\r\n                    \"labelY\": \"5\"\r\n                },\r\n                {\r\n                    \"posX\": 247,\r\n                    \"posY\": 214,\r\n                    \"labelX\": \"H\",\r\n                    \"labelY\": \"7\"\r\n                }\r\n            ]\r\n        },\r\n        {\r\n            \"stars\": [\r\n                {\r\n                    \"posX\": 247,\r\n                    \"posY\": 214,\r\n                    \"labelX\": \"H\",\r\n                    \"labelY\": \"7\"\r\n                },\r\n                {\r\n                    \"posX\": 346,\r\n                    \"posY\": 313,\r\n                    \"labelX\": \"K\",\r\n                    \"labelY\": \"10\"\r\n                }\r\n            ]\r\n        },\r\n        {\r\n            \"stars\": [\r\n                {\r\n                    \"posX\": 346,\r\n                    \"posY\": 313,\r\n                    \"labelX\": \"K\",\r\n                    \"labelY\": \"10\"\r\n                },\r\n                {\r\n                    \"posX\": 379,\r\n                    \"posY\": 445,\r\n                    \"labelX\": \"L\",\r\n                    \"labelY\": \"14\"\r\n                }\r\n            ]\r\n        },\r\n        {\r\n            \"stars\": [\r\n                {\r\n                    \"posX\": 379,\r\n                    \"posY\": 445,\r\n                    \"labelX\": \"L\",\r\n                    \"labelY\": \"14\"\r\n                },\r\n                {\r\n                    \"posX\": 478,\r\n                    \"posY\": 511,\r\n                    \"labelX\": \"O\",\r\n                    \"labelY\": \"16\"\r\n                }\r\n            ]\r\n        },\r\n        {\r\n            \"stars\": [\r\n                {\r\n                    \"posX\": 478,\r\n                    \"posY\": 511,\r\n                    \"labelX\": \"O\",\r\n                    \"labelY\": \"16\"\r\n                },\r\n                {\r\n                    \"posX\": 610,\r\n                    \"posY\": 544,\r\n                    \"labelX\": \"S\",\r\n                    \"labelY\": \"17\"\r\n                }\r\n            ]\r\n        },\r\n        {\r\n            \"stars\": [\r\n                {\r\n                    \"posX\": 247,\r\n                    \"posY\": 412,\r\n                    \"labelX\": \"H\",\r\n                    \"labelY\": \"13\"\r\n                },\r\n                {\r\n                    \"posX\": 379,\r\n                    \"posY\": 445,\r\n                    \"labelX\": \"L\",\r\n                    \"labelY\": \"14\"\r\n                }\r\n            ]\r\n        },\r\n        {\r\n            \"stars\": [\r\n                {\r\n                    \"posX\": 49,\r\n                    \"posY\": 313,\r\n                    \"labelX\": \"B\",\r\n                    \"labelY\": \"10\"\r\n                },\r\n                {\r\n                    \"posX\": 247,\r\n                    \"posY\": 412,\r\n                    \"labelX\": \"H\",\r\n                    \"labelY\": \"13\"\r\n                }\r\n            ]\r\n        }\r\n    ]\r\n}', 4, 1, 3),
(24, '8b5a3', 'Blíženci', 'winter/gemini.png', 'Jedna z mých nejdůležitějších knížek se zaměřuje na zařazování hvězd. Odtud jsem dostal nápad popisovat hvězdy jejich pozicemi, což souvisí s první kapitolou – <b class=\"important\">jména</b> hvězd. Tahle knížka je trochu starší než ostatní, takže pro jména stále využívá <b class=\"important\">římské číslice.</b> Další kapitola je zajímavější, jelikož se zabývá <b class=\"important\">třídami</b> hvězd. Ve zkratce tím chce říct, které hvězdy <b class=\"important\">k sobě patří,</b> a tím tak dále pomáhá určit další jejich vlastnosti. Myslím, že drobná <b class=\"important\">revize</b> téhle knížky by neuškodila. Alespoň si opráším základy.', '<div id=\"winter-6\"><div><span name=\"III\" class=\"spoj-s-II spoj-s-IV spoj-s-XI\">O</span><span name=\"VIII\" class=\"spoj-s-VII spoj-s-IX\">F</span><span name=\"I\" class=\"spoj-s-II\">S</span><span name=\"VII\" class=\"spoj-s-VI spoj-s-VIII\">C</span><span name=\"IX\" class=\"spoj-s-VIII spoj-s-X\">J</span><span name=\"X\" class=\"spoj-s-II spoj-s-IX\">M</span><span name=\"IV\" class=\"spoj-s-III spoj-s-V spoj-s-VI\">H</span><span name=\"II\" class=\"spoj-s-I spoj-s-III spoj-s-X\">Q</span><span name=\"V\" class=\"spoj-s-IV\">H</span><span name=\"VI\" class=\"spoj-s-IV spoj-s-VII\">C</span><span name=\"XI\" class=\"spoj-s-III\">N</span></div><div><span name=\"V\" class=\"spoj-s-IV\">16</span><span name=\"IV\" class=\"spoj-s-III spoj-s-V spoj-s-VI\">12</span><span name=\"VII\" class=\"spoj-s-VI spoj-s-VIII\">6</span><span name=\"II\" class=\"spoj-s-I spoj-s-III spoj-s-X\">11</span><span name=\"IX\" class=\"spoj-s-VIII spoj-s-X\">4</span><span name=\"VIII\" class=\"spoj-s-VII spoj-s-IX\">3</span><span name=\"X\" class=\"spoj-s-II spoj-s-IX\">8</span><span name=\"XI\" class=\"spoj-s-III\">18</span><span name=\"I\" class=\"spoj-s-II\">11</span><span name=\"III\" class=\"spoj-s-II spoj-s-IV spoj-s-XI\">15</span><span name=\"VI\" class=\"spoj-s-IV spoj-s-VII\">10</span></div></div>', '[\"C10-H12\",\"C6-C10\",\"C6-F3\",\"F3-J4\",\"H12-H16\",\"H12-O15\",\"J4-M8\",\"M8-Q11\",\"N18-O15\",\"O15-Q11\",\"Q11-S11\"]', '{\r\n    \"stars\": [\r\n        {\r\n            \"posX\": 610,\r\n            \"posY\": 346,\r\n            \"labelX\": \"S\",\r\n            \"labelY\": \"11\"\r\n        },\r\n        {\r\n            \"posX\": 544,\r\n            \"posY\": 346,\r\n            \"labelX\": \"Q\",\r\n            \"labelY\": \"11\"\r\n        },\r\n        {\r\n            \"posX\": 478,\r\n            \"posY\": 478,\r\n            \"labelX\": \"O\",\r\n            \"labelY\": \"15\"\r\n        },\r\n        {\r\n            \"posX\": 247,\r\n            \"posY\": 379,\r\n            \"labelX\": \"H\",\r\n            \"labelY\": \"12\"\r\n        },\r\n        {\r\n            \"posX\": 247,\r\n            \"posY\": 511,\r\n            \"labelX\": \"H\",\r\n            \"labelY\": \"16\"\r\n        },\r\n        {\r\n            \"posX\": 82,\r\n            \"posY\": 313,\r\n            \"labelX\": \"C\",\r\n            \"labelY\": \"10\"\r\n        },\r\n        {\r\n            \"posX\": 82,\r\n            \"posY\": 181,\r\n            \"labelX\": \"C\",\r\n            \"labelY\": \"6\"\r\n        },\r\n        {\r\n            \"posX\": 181,\r\n            \"posY\": 82,\r\n            \"labelX\": \"F\",\r\n            \"labelY\": \"3\"\r\n        },\r\n        {\r\n            \"posX\": 313,\r\n            \"posY\": 115,\r\n            \"labelX\": \"J\",\r\n            \"labelY\": \"4\"\r\n        },\r\n        {\r\n            \"posX\": 412,\r\n            \"posY\": 247,\r\n            \"labelX\": \"M\",\r\n            \"labelY\": \"8\"\r\n        },\r\n        {\r\n            \"posX\": 445,\r\n            \"posY\": 577,\r\n            \"labelX\": \"N\",\r\n            \"labelY\": \"18\"\r\n        }\r\n    ],\r\n    \"connections\": [\r\n        {\r\n            \"stars\": [\r\n                {\r\n                    \"posX\": 544,\r\n                    \"posY\": 346,\r\n                    \"labelX\": \"Q\",\r\n                    \"labelY\": \"11\"\r\n                },\r\n                {\r\n                    \"posX\": 610,\r\n                    \"posY\": 346,\r\n                    \"labelX\": \"S\",\r\n                    \"labelY\": \"11\"\r\n                }\r\n            ]\r\n        },\r\n        {\r\n            \"stars\": [\r\n                {\r\n                    \"posX\": 478,\r\n                    \"posY\": 478,\r\n                    \"labelX\": \"O\",\r\n                    \"labelY\": \"15\"\r\n                },\r\n                {\r\n                    \"posX\": 544,\r\n                    \"posY\": 346,\r\n                    \"labelX\": \"Q\",\r\n                    \"labelY\": \"11\"\r\n                }\r\n            ]\r\n        },\r\n        {\r\n            \"stars\": [\r\n                {\r\n                    \"posX\": 247,\r\n                    \"posY\": 379,\r\n                    \"labelX\": \"H\",\r\n                    \"labelY\": \"12\"\r\n                },\r\n                {\r\n                    \"posX\": 478,\r\n                    \"posY\": 478,\r\n                    \"labelX\": \"O\",\r\n                    \"labelY\": \"15\"\r\n                }\r\n            ]\r\n        },\r\n        {\r\n            \"stars\": [\r\n                {\r\n                    \"posX\": 247,\r\n                    \"posY\": 379,\r\n                    \"labelX\": \"H\",\r\n                    \"labelY\": \"12\"\r\n                },\r\n                {\r\n                    \"posX\": 247,\r\n                    \"posY\": 511,\r\n                    \"labelX\": \"H\",\r\n                    \"labelY\": \"16\"\r\n                }\r\n            ]\r\n        },\r\n        {\r\n            \"stars\": [\r\n                {\r\n                    \"posX\": 82,\r\n                    \"posY\": 313,\r\n                    \"labelX\": \"C\",\r\n                    \"labelY\": \"10\"\r\n                },\r\n                {\r\n                    \"posX\": 247,\r\n                    \"posY\": 379,\r\n                    \"labelX\": \"H\",\r\n                    \"labelY\": \"12\"\r\n                }\r\n            ]\r\n        },\r\n        {\r\n            \"stars\": [\r\n                {\r\n                    \"posX\": 82,\r\n                    \"posY\": 181,\r\n                    \"labelX\": \"C\",\r\n                    \"labelY\": \"6\"\r\n                },\r\n                {\r\n                    \"posX\": 82,\r\n                    \"posY\": 313,\r\n                    \"labelX\": \"C\",\r\n                    \"labelY\": \"10\"\r\n                }\r\n            ]\r\n        },\r\n        {\r\n            \"stars\": [\r\n                {\r\n                    \"posX\": 82,\r\n                    \"posY\": 181,\r\n                    \"labelX\": \"C\",\r\n                    \"labelY\": \"6\"\r\n                },\r\n                {\r\n                    \"posX\": 181,\r\n                    \"posY\": 82,\r\n                    \"labelX\": \"F\",\r\n                    \"labelY\": \"3\"\r\n                }\r\n            ]\r\n        },\r\n        {\r\n            \"stars\": [\r\n                {\r\n                    \"posX\": 181,\r\n                    \"posY\": 82,\r\n                    \"labelX\": \"F\",\r\n                    \"labelY\": \"3\"\r\n                },\r\n                {\r\n                    \"posX\": 313,\r\n                    \"posY\": 115,\r\n                    \"labelX\": \"J\",\r\n                    \"labelY\": \"4\"\r\n                }\r\n            ]\r\n        },\r\n        {\r\n            \"stars\": [\r\n                {\r\n                    \"posX\": 313,\r\n                    \"posY\": 115,\r\n                    \"labelX\": \"J\",\r\n                    \"labelY\": \"4\"\r\n                },\r\n                {\r\n                    \"posX\": 412,\r\n                    \"posY\": 247,\r\n                    \"labelX\": \"M\",\r\n                    \"labelY\": \"8\"\r\n                }\r\n            ]\r\n        },\r\n        {\r\n            \"stars\": [\r\n                {\r\n                    \"posX\": 412,\r\n                    \"posY\": 247,\r\n                    \"labelX\": \"M\",\r\n                    \"labelY\": \"8\"\r\n                },\r\n                {\r\n                    \"posX\": 544,\r\n                    \"posY\": 346,\r\n                    \"labelX\": \"Q\",\r\n                    \"labelY\": \"11\"\r\n                }\r\n            ]\r\n        },\r\n        {\r\n            \"stars\": [\r\n                {\r\n                    \"posX\": 445,\r\n                    \"posY\": 577,\r\n                    \"labelX\": \"N\",\r\n                    \"labelY\": \"18\"\r\n                },\r\n                {\r\n                    \"posX\": 478,\r\n                    \"posY\": 478,\r\n                    \"labelX\": \"O\",\r\n                    \"labelY\": \"15\"\r\n                }\r\n            ]\r\n        }\r\n    ]\r\n}', 4, 1, 3);

-- --------------------------------------------------------

--
-- Struktura tabulky `puzzle_difficulty`
--

CREATE TABLE `puzzle_difficulty` (
  `id` bigint(20) UNSIGNED NOT NULL,
  `name` varchar(255) NOT NULL,
  `gridSize` smallint(5) UNSIGNED NOT NULL
) ENGINE=InnoDB DEFAULT CHARSET=utf8mb4 COLLATE=utf8mb4_unicode_ci;

--
-- Vypisuji data pro tabulku `puzzle_difficulty`
--

INSERT INTO `puzzle_difficulty` (`id`, `name`, `gridSize`) VALUES
(1, 'EASY', 12),
(2, 'MEDIUM', 16),
(3, 'HARD', 20);

-- --------------------------------------------------------

--
-- Struktura tabulky `puzzle_state`
--

CREATE TABLE `puzzle_state` (
  `id` bigint(20) UNSIGNED NOT NULL,
  `name` varchar(255) NOT NULL
) ENGINE=InnoDB DEFAULT CHARSET=utf8mb4 COLLATE=utf8mb4_unicode_ci;

--
-- Vypisuji data pro tabulku `puzzle_state`
--

INSERT INTO `puzzle_state` (`id`, `name`) VALUES
(1, 'LOCKED'),
(2, 'UNLOCKED'),
(3, 'SOLVED');

-- --------------------------------------------------------

--
-- Struktura tabulky `seasons`
--

CREATE TABLE `seasons` (
  `id` bigint(20) UNSIGNED NOT NULL,
  `title` varchar(255) NOT NULL,
  `flavorText` varchar(255) NOT NULL
) ENGINE=InnoDB DEFAULT CHARSET=utf8mb4 COLLATE=utf8mb4_unicode_ci;

--
-- Vypisuji data pro tabulku `seasons`
--

INSERT INTO `seasons` (`id`, `title`, `flavorText`) VALUES
(1, 'Jarní', 'Nový cyklus přináší nové poznatky'),
(2, 'Letní', 'Čas stvořený pro cestování'),
(3, 'Podzimní', 'Spadané listy si zahrávají s myslí'),
(4, 'Zimní', 'Vrstvy sněhu mnoho skrývají');

-- --------------------------------------------------------

--
-- Struktura tabulky `sessions`
--

CREATE TABLE `sessions` (
  `id` varchar(255) NOT NULL,
  `user_id` bigint(20) UNSIGNED DEFAULT NULL,
  `ip_address` varchar(45) DEFAULT NULL,
  `user_agent` text DEFAULT NULL,
  `payload` longtext NOT NULL,
  `last_activity` int(11) NOT NULL
) ENGINE=InnoDB DEFAULT CHARSET=utf8mb4 COLLATE=utf8mb4_unicode_ci;

--
-- Indexy pro exportované tabulky
--

--
-- Indexy pro tabulku `migrations`
--
ALTER TABLE `migrations`
  ADD PRIMARY KEY (`id`);

--
-- Indexy pro tabulku `puzzles`
--
ALTER TABLE `puzzles`
  ADD PRIMARY KEY (`id`),
  ADD KEY `puzzles_puzzleseason_foreign` (`puzzleSeason`),
  ADD KEY `puzzles_puzzlestate_foreign` (`puzzleState`),
  ADD KEY `puzzles_difficulty_foreign` (`difficulty`);

--
-- Indexy pro tabulku `puzzle_difficulty`
--
ALTER TABLE `puzzle_difficulty`
  ADD PRIMARY KEY (`id`);

--
-- Indexy pro tabulku `puzzle_state`
--
ALTER TABLE `puzzle_state`
  ADD PRIMARY KEY (`id`);

--
-- Indexy pro tabulku `seasons`
--
ALTER TABLE `seasons`
  ADD PRIMARY KEY (`id`);

--
-- Indexy pro tabulku `sessions`
--
ALTER TABLE `sessions`
  ADD PRIMARY KEY (`id`),
  ADD KEY `sessions_user_id_index` (`user_id`),
  ADD KEY `sessions_last_activity_index` (`last_activity`);

--
-- AUTO_INCREMENT pro tabulky
--

--
-- AUTO_INCREMENT pro tabulku `migrations`
--
ALTER TABLE `migrations`
  MODIFY `id` int(10) UNSIGNED NOT NULL AUTO_INCREMENT, AUTO_INCREMENT=23;

--
-- AUTO_INCREMENT pro tabulku `puzzles`
--
ALTER TABLE `puzzles`
  MODIFY `id` bigint(20) UNSIGNED NOT NULL AUTO_INCREMENT, AUTO_INCREMENT=26;

--
-- AUTO_INCREMENT pro tabulku `puzzle_difficulty`
--
ALTER TABLE `puzzle_difficulty`
  MODIFY `id` bigint(20) UNSIGNED NOT NULL AUTO_INCREMENT, AUTO_INCREMENT=4;

--
-- AUTO_INCREMENT pro tabulku `puzzle_state`
--
ALTER TABLE `puzzle_state`
  MODIFY `id` bigint(20) UNSIGNED NOT NULL AUTO_INCREMENT, AUTO_INCREMENT=4;

--
-- AUTO_INCREMENT pro tabulku `seasons`
--
ALTER TABLE `seasons`
  MODIFY `id` bigint(20) UNSIGNED NOT NULL AUTO_INCREMENT, AUTO_INCREMENT=5;

--
-- Omezení pro exportované tabulky
--

--
-- Omezení pro tabulku `puzzles`
--
ALTER TABLE `puzzles`
  ADD CONSTRAINT `puzzles_difficulty_foreign` FOREIGN KEY (`difficulty`) REFERENCES `puzzle_difficulty` (`id`),
  ADD CONSTRAINT `puzzles_puzzleseason_foreign` FOREIGN KEY (`puzzleSeason`) REFERENCES `seasons` (`id`),
  ADD CONSTRAINT `puzzles_puzzlestate_foreign` FOREIGN KEY (`puzzleState`) REFERENCES `puzzle_state` (`id`);
COMMIT;

/*!40101 SET CHARACTER_SET_CLIENT=@OLD_CHARACTER_SET_CLIENT */;
/*!40101 SET CHARACTER_SET_RESULTS=@OLD_CHARACTER_SET_RESULTS */;
/*!40101 SET COLLATION_CONNECTION=@OLD_COLLATION_CONNECTION */;
